reference_date,target_end_date,horizon,location,target,output_type,output_type_id,value
2025-11-22,2025-11-15,-1,ab,pct wk covid lab det,quantile,0.025,3.8
2025-11-22,2025-11-15,-1,ab,pct wk covid lab det,quantile,0.1,4.4
2025-11-22,2025-11-15,-1,ab,pct wk covid lab det,quantile,0.25,5.1
2025-11-22,2025-11-15,-1,ab,pct wk covid lab det,quantile,0.5,5.7
2025-11-22,2025-11-15,-1,ab,pct wk covid lab det,quantile,0.75,6.3
2025-11-22,2025-11-15,-1,ab,pct wk covid lab det,quantile,0.9,7
2025-11-22,2025-11-15,-1,ab,pct wk covid lab det,quantile,0.975,7.7
2025-11-22,2025-11-22,0,ab,pct wk covid lab det,quantile,0.025,3.4
2025-11-22,2025-11-22,0,ab,pct wk covid lab det,quantile,0.1,3.9
2025-11-22,2025-11-22,0,ab,pct wk covid lab det,quantile,0.25,4.3
2025-11-22,2025-11-22,0,ab,pct wk covid lab det,quantile,0.5,4.8
2025-11-22,2025-11-22,0,ab,pct wk covid lab det,quantile,0.75,5.3
2025-11-22,2025-11-22,0,ab,pct wk covid lab det,quantile,0.9,5.9
2025-11-22,2025-11-22,0,ab,pct wk covid lab det,quantile,0.975,6.5
2025-11-22,2025-11-29,1,ab,pct wk covid lab det,quantile,0.025,3.2
2025-11-22,2025-11-29,1,ab,pct wk covid lab det,quantile,0.1,3.7
2025-11-22,2025-11-29,1,ab,pct wk covid lab det,quantile,0.25,4.1
2025-11-22,2025-11-29,1,ab,pct wk covid lab det,quantile,0.5,4.6
2025-11-22,2025-11-29,1,ab,pct wk covid lab det,quantile,0.75,5
2025-11-22,2025-11-29,1,ab,pct wk covid lab det,quantile,0.9,5.6
2025-11-22,2025-11-29,1,ab,pct wk covid lab det,quantile,0.975,6
2025-11-22,2025-12-06,2,ab,pct wk covid lab det,quantile,0.025,3
2025-11-22,2025-12-06,2,ab,pct wk covid lab det,quantile,0.1,3.4
2025-11-22,2025-12-06,2,ab,pct wk covid lab det,quantile,0.25,3.8
2025-11-22,2025-12-06,2,ab,pct wk covid lab det,quantile,0.5,4.3
2025-11-22,2025-12-06,2,ab,pct wk covid lab det,quantile,0.75,4.8
2025-11-22,2025-12-06,2,ab,pct wk covid lab det,quantile,0.9,5.3
2025-11-22,2025-12-06,2,ab,pct wk covid lab det,quantile,0.975,5.8
2025-11-22,2025-12-13,3,ab,pct wk covid lab det,quantile,0.025,2.7
2025-11-22,2025-12-13,3,ab,pct wk covid lab det,quantile,0.1,3.2
2025-11-22,2025-12-13,3,ab,pct wk covid lab det,quantile,0.25,3.6
2025-11-22,2025-12-13,3,ab,pct wk covid lab det,quantile,0.5,4.1
2025-11-22,2025-12-13,3,ab,pct wk covid lab det,quantile,0.75,4.7
2025-11-22,2025-12-13,3,ab,pct wk covid lab det,quantile,0.9,5.2
2025-11-22,2025-12-13,3,ab,pct wk covid lab det,quantile,0.975,5.8
2025-11-22,2025-11-15,-1,ns,pct wk covid lab det,quantile,0.025,0.8
2025-11-22,2025-11-15,-1,ns,pct wk covid lab det,quantile,0.1,2.7
2025-11-22,2025-11-15,-1,ns,pct wk covid lab det,quantile,0.25,4.3
2025-11-22,2025-11-15,-1,ns,pct wk covid lab det,quantile,0.5,6.1
2025-11-22,2025-11-15,-1,ns,pct wk covid lab det,quantile,0.75,7.9
2025-11-22,2025-11-15,-1,ns,pct wk covid lab det,quantile,0.9,9.7
2025-11-22,2025-11-15,-1,ns,pct wk covid lab det,quantile,0.975,11.8
2025-11-22,2025-11-22,0,ns,pct wk covid lab det,quantile,0.025,3.7
2025-11-22,2025-11-22,0,ns,pct wk covid lab det,quantile,0.1,5.1
2025-11-22,2025-11-22,0,ns,pct wk covid lab det,quantile,0.25,6.3
2025-11-22,2025-11-22,0,ns,pct wk covid lab det,quantile,0.5,7.6
2025-11-22,2025-11-22,0,ns,pct wk covid lab det,quantile,0.75,8.9
2025-11-22,2025-11-22,0,ns,pct wk covid lab det,quantile,0.9,10.3
2025-11-22,2025-11-22,0,ns,pct wk covid lab det,quantile,0.975,12.4
2025-11-22,2025-11-29,1,ns,pct wk covid lab det,quantile,0.025,2.6
2025-11-22,2025-11-29,1,ns,pct wk covid lab det,quantile,0.1,4.3
2025-11-22,2025-11-29,1,ns,pct wk covid lab det,quantile,0.25,5.4
2025-11-22,2025-11-29,1,ns,pct wk covid lab det,quantile,0.5,6.8
2025-11-22,2025-11-29,1,ns,pct wk covid lab det,quantile,0.75,8
2025-11-22,2025-11-29,1,ns,pct wk covid lab det,quantile,0.9,9.3
2025-11-22,2025-11-29,1,ns,pct wk covid lab det,quantile,0.975,10.7
2025-11-22,2025-12-06,2,ns,pct wk covid lab det,quantile,0.025,1.9
2025-11-22,2025-12-06,2,ns,pct wk covid lab det,quantile,0.1,3.4
2025-11-22,2025-12-06,2,ns,pct wk covid lab det,quantile,0.25,4.5
2025-11-22,2025-12-06,2,ns,pct wk covid lab det,quantile,0.5,5.7
2025-11-22,2025-12-06,2,ns,pct wk covid lab det,quantile,0.75,6.9
2025-11-22,2025-12-06,2,ns,pct wk covid lab det,quantile,0.9,8.1
2025-11-22,2025-12-06,2,ns,pct wk covid lab det,quantile,0.975,9.6
2025-11-22,2025-12-13,3,ns,pct wk covid lab det,quantile,0.025,2
2025-11-22,2025-12-13,3,ns,pct wk covid lab det,quantile,0.1,3.4
2025-11-22,2025-12-13,3,ns,pct wk covid lab det,quantile,0.25,4.4
2025-11-22,2025-12-13,3,ns,pct wk covid lab det,quantile,0.5,5.5
2025-11-22,2025-12-13,3,ns,pct wk covid lab det,quantile,0.75,6.8
2025-11-22,2025-12-13,3,ns,pct wk covid lab det,quantile,0.9,8.1
2025-11-22,2025-12-13,3,ns,pct wk covid lab det,quantile,0.975,9.6
2025-11-22,2025-11-15,-1,nb,pct wk covid lab det,quantile,0.025,4
2025-11-22,2025-11-15,-1,nb,pct wk covid lab det,quantile,0.1,5.1
2025-11-22,2025-11-15,-1,nb,pct wk covid lab det,quantile,0.25,6.2
2025-11-22,2025-11-15,-1,nb,pct wk covid lab det,quantile,0.5,7.4
2025-11-22,2025-11-15,-1,nb,pct wk covid lab det,quantile,0.75,8.5
2025-11-22,2025-11-15,-1,nb,pct wk covid lab det,quantile,0.9,9.5
2025-11-22,2025-11-15,-1,nb,pct wk covid lab det,quantile,0.975,10.5
2025-11-22,2025-11-22,0,nb,pct wk covid lab det,quantile,0.025,4.1
2025-11-22,2025-11-22,0,nb,pct wk covid lab det,quantile,0.1,5
2025-11-22,2025-11-22,0,nb,pct wk covid lab det,quantile,0.25,5.8
2025-11-22,2025-11-22,0,nb,pct wk covid lab det,quantile,0.5,6.6
2025-11-22,2025-11-22,0,nb,pct wk covid lab det,quantile,0.75,7.5
2025-11-22,2025-11-22,0,nb,pct wk covid lab det,quantile,0.9,8.3
2025-11-22,2025-11-22,0,nb,pct wk covid lab det,quantile,0.975,9.4
2025-11-22,2025-11-29,1,nb,pct wk covid lab det,quantile,0.025,4
2025-11-22,2025-11-29,1,nb,pct wk covid lab det,quantile,0.1,5
2025-11-22,2025-11-29,1,nb,pct wk covid lab det,quantile,0.25,5.8
2025-11-22,2025-11-29,1,nb,pct wk covid lab det,quantile,0.5,6.6
2025-11-22,2025-11-29,1,nb,pct wk covid lab det,quantile,0.75,7.6
2025-11-22,2025-11-29,1,nb,pct wk covid lab det,quantile,0.9,8.5
2025-11-22,2025-11-29,1,nb,pct wk covid lab det,quantile,0.975,9.6
2025-11-22,2025-12-06,2,nb,pct wk covid lab det,quantile,0.025,4
2025-11-22,2025-12-06,2,nb,pct wk covid lab det,quantile,0.1,4.9
2025-11-22,2025-12-06,2,nb,pct wk covid lab det,quantile,0.25,5.7
2025-11-22,2025-12-06,2,nb,pct wk covid lab det,quantile,0.5,6.5
2025-11-22,2025-12-06,2,nb,pct wk covid lab det,quantile,0.75,7.4
2025-11-22,2025-12-06,2,nb,pct wk covid lab det,quantile,0.9,8.2
2025-11-22,2025-12-06,2,nb,pct wk covid lab det,quantile,0.975,9.2
2025-11-22,2025-12-13,3,nb,pct wk covid lab det,quantile,0.025,3.1
2025-11-22,2025-12-13,3,nb,pct wk covid lab det,quantile,0.1,4
2025-11-22,2025-12-13,3,nb,pct wk covid lab det,quantile,0.25,4.8
2025-11-22,2025-12-13,3,nb,pct wk covid lab det,quantile,0.5,5.6
2025-11-22,2025-12-13,3,nb,pct wk covid lab det,quantile,0.75,6.4
2025-11-22,2025-12-13,3,nb,pct wk covid lab det,quantile,0.9,7.3
2025-11-22,2025-12-13,3,nb,pct wk covid lab det,quantile,0.975,8.2
2025-11-22,2025-11-15,-1,atlantic,pct wk covid lab det,quantile,0.025,4
2025-11-22,2025-11-15,-1,atlantic,pct wk covid lab det,quantile,0.1,4.9
2025-11-22,2025-11-15,-1,atlantic,pct wk covid lab det,quantile,0.25,5.8
2025-11-22,2025-11-15,-1,atlantic,pct wk covid lab det,quantile,0.5,6.7
2025-11-22,2025-11-15,-1,atlantic,pct wk covid lab det,quantile,0.75,7.7
2025-11-22,2025-11-15,-1,atlantic,pct wk covid lab det,quantile,0.9,8.6
2025-11-22,2025-11-15,-1,atlantic,pct wk covid lab det,quantile,0.975,9.6
2025-11-22,2025-11-22,0,atlantic,pct wk covid lab det,quantile,0.025,5.1
2025-11-22,2025-11-22,0,atlantic,pct wk covid lab det,quantile,0.1,5.9
2025-11-22,2025-11-22,0,atlantic,pct wk covid lab det,quantile,0.25,6.6
2025-11-22,2025-11-22,0,atlantic,pct wk covid lab det,quantile,0.5,7.4
2025-11-22,2025-11-22,0,atlantic,pct wk covid lab det,quantile,0.75,8.2
2025-11-22,2025-11-22,0,atlantic,pct wk covid lab det,quantile,0.9,8.8
2025-11-22,2025-11-22,0,atlantic,pct wk covid lab det,quantile,0.975,9.9
2025-11-22,2025-11-29,1,atlantic,pct wk covid lab det,quantile,0.025,4.4
2025-11-22,2025-11-29,1,atlantic,pct wk covid lab det,quantile,0.1,5.4
2025-11-22,2025-11-29,1,atlantic,pct wk covid lab det,quantile,0.25,6.2
2025-11-22,2025-11-29,1,atlantic,pct wk covid lab det,quantile,0.5,7
2025-11-22,2025-11-29,1,atlantic,pct wk covid lab det,quantile,0.75,7.8
2025-11-22,2025-11-29,1,atlantic,pct wk covid lab det,quantile,0.9,8.4
2025-11-22,2025-11-29,1,atlantic,pct wk covid lab det,quantile,0.975,9.3
2025-11-22,2025-12-06,2,atlantic,pct wk covid lab det,quantile,0.025,4
2025-11-22,2025-12-06,2,atlantic,pct wk covid lab det,quantile,0.1,4.7
2025-11-22,2025-12-06,2,atlantic,pct wk covid lab det,quantile,0.25,5.5
2025-11-22,2025-12-06,2,atlantic,pct wk covid lab det,quantile,0.5,6.2
2025-11-22,2025-12-06,2,atlantic,pct wk covid lab det,quantile,0.75,7
2025-11-22,2025-12-06,2,atlantic,pct wk covid lab det,quantile,0.9,7.6
2025-11-22,2025-12-06,2,atlantic,pct wk covid lab det,quantile,0.975,8.3
2025-11-22,2025-12-13,3,atlantic,pct wk covid lab det,quantile,0.025,3.4
2025-11-22,2025-12-13,3,atlantic,pct wk covid lab det,quantile,0.1,4.3
2025-11-22,2025-12-13,3,atlantic,pct wk covid lab det,quantile,0.25,4.9
2025-11-22,2025-12-13,3,atlantic,pct wk covid lab det,quantile,0.5,5.8
2025-11-22,2025-12-13,3,atlantic,pct wk covid lab det,quantile,0.75,6.6
2025-11-22,2025-12-13,3,atlantic,pct wk covid lab det,quantile,0.9,7.3
2025-11-22,2025-12-13,3,atlantic,pct wk covid lab det,quantile,0.975,8.2
2025-11-22,2025-11-15,-1,qc,pct wk covid lab det,quantile,0.025,4.8
2025-11-22,2025-11-15,-1,qc,pct wk covid lab det,quantile,0.1,5.6
2025-11-22,2025-11-15,-1,qc,pct wk covid lab det,quantile,0.25,6.5
2025-11-22,2025-11-15,-1,qc,pct wk covid lab det,quantile,0.5,7.4
2025-11-22,2025-11-15,-1,qc,pct wk covid lab det,quantile,0.75,8.3
2025-11-22,2025-11-15,-1,qc,pct wk covid lab det,quantile,0.9,9.1
2025-11-22,2025-11-15,-1,qc,pct wk covid lab det,quantile,0.975,10.1
2025-11-22,2025-11-22,0,qc,pct wk covid lab det,quantile,0.025,4.9
2025-11-22,2025-11-22,0,qc,pct wk covid lab det,quantile,0.1,5.7
2025-11-22,2025-11-22,0,qc,pct wk covid lab det,quantile,0.25,6.4
2025-11-22,2025-11-22,0,qc,pct wk covid lab det,quantile,0.5,7.1
2025-11-22,2025-11-22,0,qc,pct wk covid lab det,quantile,0.75,7.8
2025-11-22,2025-11-22,0,qc,pct wk covid lab det,quantile,0.9,8.3
2025-11-22,2025-11-22,0,qc,pct wk covid lab det,quantile,0.975,9.1
2025-11-22,2025-11-29,1,qc,pct wk covid lab det,quantile,0.025,4.7
2025-11-22,2025-11-29,1,qc,pct wk covid lab det,quantile,0.1,5.4
2025-11-22,2025-11-29,1,qc,pct wk covid lab det,quantile,0.25,6
2025-11-22,2025-11-29,1,qc,pct wk covid lab det,quantile,0.5,6.8
2025-11-22,2025-11-29,1,qc,pct wk covid lab det,quantile,0.75,7.4
2025-11-22,2025-11-29,1,qc,pct wk covid lab det,quantile,0.9,8.1
2025-11-22,2025-11-29,1,qc,pct wk covid lab det,quantile,0.975,9
2025-11-22,2025-12-06,2,qc,pct wk covid lab det,quantile,0.025,4.3
2025-11-22,2025-12-06,2,qc,pct wk covid lab det,quantile,0.1,5
2025-11-22,2025-12-06,2,qc,pct wk covid lab det,quantile,0.25,5.7
2025-11-22,2025-12-06,2,qc,pct wk covid lab det,quantile,0.5,6.4
2025-11-22,2025-12-06,2,qc,pct wk covid lab det,quantile,0.75,7.1
2025-11-22,2025-12-06,2,qc,pct wk covid lab det,quantile,0.9,7.7
2025-11-22,2025-12-06,2,qc,pct wk covid lab det,quantile,0.975,8.6
2025-11-22,2025-12-13,3,qc,pct wk covid lab det,quantile,0.025,3.5
2025-11-22,2025-12-13,3,qc,pct wk covid lab det,quantile,0.1,4.3
2025-11-22,2025-12-13,3,qc,pct wk covid lab det,quantile,0.25,5
2025-11-22,2025-12-13,3,qc,pct wk covid lab det,quantile,0.5,5.8
2025-11-22,2025-12-13,3,qc,pct wk covid lab det,quantile,0.75,6.5
2025-11-22,2025-12-13,3,qc,pct wk covid lab det,quantile,0.9,7.1
2025-11-22,2025-12-13,3,qc,pct wk covid lab det,quantile,0.975,8
2025-11-22,2025-11-15,-1,on,pct wk covid lab det,quantile,0.025,1.5
2025-11-22,2025-11-15,-1,on,pct wk covid lab det,quantile,0.1,2.9
2025-11-22,2025-11-15,-1,on,pct wk covid lab det,quantile,0.25,4.1
2025-11-22,2025-11-15,-1,on,pct wk covid lab det,quantile,0.5,5.3
2025-11-22,2025-11-15,-1,on,pct wk covid lab det,quantile,0.75,6.5
2025-11-22,2025-11-15,-1,on,pct wk covid lab det,quantile,0.9,7.6
2025-11-22,2025-11-15,-1,on,pct wk covid lab det,quantile,0.975,8.6
2025-11-22,2025-11-22,0,on,pct wk covid lab det,quantile,0.025,2.4
2025-11-22,2025-11-22,0,on,pct wk covid lab det,quantile,0.1,3.3
2025-11-22,2025-11-22,0,on,pct wk covid lab det,quantile,0.25,4.1
2025-11-22,2025-11-22,0,on,pct wk covid lab det,quantile,0.5,4.9
2025-11-22,2025-11-22,0,on,pct wk covid lab det,quantile,0.75,5.6
2025-11-22,2025-11-22,0,on,pct wk covid lab det,quantile,0.9,6.4
2025-11-22,2025-11-22,0,on,pct wk covid lab det,quantile,0.975,7.3
2025-11-22,2025-11-29,1,on,pct wk covid lab det,quantile,0.025,2.4
2025-11-22,2025-11-29,1,on,pct wk covid lab det,quantile,0.1,3.3
2025-11-22,2025-11-29,1,on,pct wk covid lab det,quantile,0.25,3.9
2025-11-22,2025-11-29,1,on,pct wk covid lab det,quantile,0.5,4.7
2025-11-22,2025-11-29,1,on,pct wk covid lab det,quantile,0.75,5.5
2025-11-22,2025-11-29,1,on,pct wk covid lab det,quantile,0.9,6.3
2025-11-22,2025-11-29,1,on,pct wk covid lab det,quantile,0.975,7.3
2025-11-22,2025-12-06,2,on,pct wk covid lab det,quantile,0.025,1.8
2025-11-22,2025-12-06,2,on,pct wk covid lab det,quantile,0.1,2.8
2025-11-22,2025-12-06,2,on,pct wk covid lab det,quantile,0.25,3.4
2025-11-22,2025-12-06,2,on,pct wk covid lab det,quantile,0.5,4.2
2025-11-22,2025-12-06,2,on,pct wk covid lab det,quantile,0.75,5
2025-11-22,2025-12-06,2,on,pct wk covid lab det,quantile,0.9,5.7
2025-11-22,2025-12-06,2,on,pct wk covid lab det,quantile,0.975,6.8
2025-11-22,2025-12-13,3,on,pct wk covid lab det,quantile,0.025,2
2025-11-22,2025-12-13,3,on,pct wk covid lab det,quantile,0.1,2.7
2025-11-22,2025-12-13,3,on,pct wk covid lab det,quantile,0.25,3.3
2025-11-22,2025-12-13,3,on,pct wk covid lab det,quantile,0.5,4.1
2025-11-22,2025-12-13,3,on,pct wk covid lab det,quantile,0.75,4.8
2025-11-22,2025-12-13,3,on,pct wk covid lab det,quantile,0.9,5.6
2025-11-22,2025-12-13,3,on,pct wk covid lab det,quantile,0.975,6.4
2025-11-22,2025-11-15,-1,mb,pct wk covid lab det,quantile,0.025,0
2025-11-22,2025-11-15,-1,mb,pct wk covid lab det,quantile,0.1,1
2025-11-22,2025-11-15,-1,mb,pct wk covid lab det,quantile,0.25,2.8
2025-11-22,2025-11-15,-1,mb,pct wk covid lab det,quantile,0.5,4.7
2025-11-22,2025-11-15,-1,mb,pct wk covid lab det,quantile,0.75,6.9
2025-11-22,2025-11-15,-1,mb,pct wk covid lab det,quantile,0.9,8.7
2025-11-22,2025-11-15,-1,mb,pct wk covid lab det,quantile,0.975,10.3
2025-11-22,2025-11-22,0,mb,pct wk covid lab det,quantile,0.025,0.7
2025-11-22,2025-11-22,0,mb,pct wk covid lab det,quantile,0.1,2.2
2025-11-22,2025-11-22,0,mb,pct wk covid lab det,quantile,0.25,3.4
2025-11-22,2025-11-22,0,mb,pct wk covid lab det,quantile,0.5,4.6
2025-11-22,2025-11-22,0,mb,pct wk covid lab det,quantile,0.75,6.1
2025-11-22,2025-11-22,0,mb,pct wk covid lab det,quantile,0.9,7.3
2025-11-22,2025-11-22,0,mb,pct wk covid lab det,quantile,0.975,8.8
2025-11-22,2025-11-29,1,mb,pct wk covid lab det,quantile,0.025,1.3
2025-11-22,2025-11-29,1,mb,pct wk covid lab det,quantile,0.1,2.4
2025-11-22,2025-11-29,1,mb,pct wk covid lab det,quantile,0.25,3.4
2025-11-22,2025-11-29,1,mb,pct wk covid lab det,quantile,0.5,4.7
2025-11-22,2025-11-29,1,mb,pct wk covid lab det,quantile,0.75,6
2025-11-22,2025-11-29,1,mb,pct wk covid lab det,quantile,0.9,7.3
2025-11-22,2025-11-29,1,mb,pct wk covid lab det,quantile,0.975,8.9
2025-11-22,2025-12-06,2,mb,pct wk covid lab det,quantile,0.025,0.7
2025-11-22,2025-12-06,2,mb,pct wk covid lab det,quantile,0.1,2.1
2025-11-22,2025-12-06,2,mb,pct wk covid lab det,quantile,0.25,3.2
2025-11-22,2025-12-06,2,mb,pct wk covid lab det,quantile,0.5,4.2
2025-11-22,2025-12-06,2,mb,pct wk covid lab det,quantile,0.75,5.6
2025-11-22,2025-12-06,2,mb,pct wk covid lab det,quantile,0.9,6.8
2025-11-22,2025-12-06,2,mb,pct wk covid lab det,quantile,0.975,8.2
2025-11-22,2025-12-13,3,mb,pct wk covid lab det,quantile,0.025,0.6
2025-11-22,2025-12-13,3,mb,pct wk covid lab det,quantile,0.1,1.8
2025-11-22,2025-12-13,3,mb,pct wk covid lab det,quantile,0.25,2.7
2025-11-22,2025-12-13,3,mb,pct wk covid lab det,quantile,0.5,3.9
2025-11-22,2025-12-13,3,mb,pct wk covid lab det,quantile,0.75,5.1
2025-11-22,2025-12-13,3,mb,pct wk covid lab det,quantile,0.9,6.3
2025-11-22,2025-12-13,3,mb,pct wk covid lab det,quantile,0.975,7.7
2025-11-22,2025-11-15,-1,sk,pct wk covid lab det,quantile,0.025,1.6
2025-11-22,2025-11-15,-1,sk,pct wk covid lab det,quantile,0.1,3.1
2025-11-22,2025-11-15,-1,sk,pct wk covid lab det,quantile,0.25,4.3
2025-11-22,2025-11-15,-1,sk,pct wk covid lab det,quantile,0.5,5.6
2025-11-22,2025-11-15,-1,sk,pct wk covid lab det,quantile,0.75,6.7
2025-11-22,2025-11-15,-1,sk,pct wk covid lab det,quantile,0.9,7.8
2025-11-22,2025-11-15,-1,sk,pct wk covid lab det,quantile,0.975,9.1
2025-11-22,2025-11-22,0,sk,pct wk covid lab det,quantile,0.025,3.3
2025-11-22,2025-11-22,0,sk,pct wk covid lab det,quantile,0.1,4.1
2025-11-22,2025-11-22,0,sk,pct wk covid lab det,quantile,0.25,4.9
2025-11-22,2025-11-22,0,sk,pct wk covid lab det,quantile,0.5,5.6
2025-11-22,2025-11-22,0,sk,pct wk covid lab det,quantile,0.75,6.4
2025-11-22,2025-11-22,0,sk,pct wk covid lab det,quantile,0.9,7.3
2025-11-22,2025-11-22,0,sk,pct wk covid lab det,quantile,0.975,8.2
2025-11-22,2025-11-29,1,sk,pct wk covid lab det,quantile,0.025,3
2025-11-22,2025-11-29,1,sk,pct wk covid lab det,quantile,0.1,3.7
2025-11-22,2025-11-29,1,sk,pct wk covid lab det,quantile,0.25,4.4
2025-11-22,2025-11-29,1,sk,pct wk covid lab det,quantile,0.5,5.2
2025-11-22,2025-11-29,1,sk,pct wk covid lab det,quantile,0.75,6
2025-11-22,2025-11-29,1,sk,pct wk covid lab det,quantile,0.9,6.8
2025-11-22,2025-11-29,1,sk,pct wk covid lab det,quantile,0.975,7.6
2025-11-22,2025-12-06,2,sk,pct wk covid lab det,quantile,0.025,2.5
2025-11-22,2025-12-06,2,sk,pct wk covid lab det,quantile,0.1,3.3
2025-11-22,2025-12-06,2,sk,pct wk covid lab det,quantile,0.25,4
2025-11-22,2025-12-06,2,sk,pct wk covid lab det,quantile,0.5,4.7
2025-11-22,2025-12-06,2,sk,pct wk covid lab det,quantile,0.75,5.6
2025-11-22,2025-12-06,2,sk,pct wk covid lab det,quantile,0.9,6.3
2025-11-22,2025-12-06,2,sk,pct wk covid lab det,quantile,0.975,7.2
2025-11-22,2025-12-13,3,sk,pct wk covid lab det,quantile,0.025,2.3
2025-11-22,2025-12-13,3,sk,pct wk covid lab det,quantile,0.1,3.1
2025-11-22,2025-12-13,3,sk,pct wk covid lab det,quantile,0.25,3.7
2025-11-22,2025-12-13,3,sk,pct wk covid lab det,quantile,0.5,4.4
2025-11-22,2025-12-13,3,sk,pct wk covid lab det,quantile,0.75,5.2
2025-11-22,2025-12-13,3,sk,pct wk covid lab det,quantile,0.9,5.9
2025-11-22,2025-12-13,3,sk,pct wk covid lab det,quantile,0.975,6.8
2025-11-22,2025-11-15,-1,pe,pct wk covid lab det,quantile,0.025,0
2025-11-22,2025-11-15,-1,pe,pct wk covid lab det,quantile,0.1,0
2025-11-22,2025-11-15,-1,pe,pct wk covid lab det,quantile,0.25,0
2025-11-22,2025-11-15,-1,pe,pct wk covid lab det,quantile,0.5,3.9
2025-11-22,2025-11-15,-1,pe,pct wk covid lab det,quantile,0.75,9.3
2025-11-22,2025-11-15,-1,pe,pct wk covid lab det,quantile,0.9,13.4
2025-11-22,2025-11-15,-1,pe,pct wk covid lab det,quantile,0.975,18.4
2025-11-22,2025-11-22,0,pe,pct wk covid lab det,quantile,0.025,0
2025-11-22,2025-11-22,0,pe,pct wk covid lab det,quantile,0.1,1.6
2025-11-22,2025-11-22,0,pe,pct wk covid lab det,quantile,0.25,4.9
2025-11-22,2025-11-22,0,pe,pct wk covid lab det,quantile,0.5,8.1
2025-11-22,2025-11-22,0,pe,pct wk covid lab det,quantile,0.75,11.7
2025-11-22,2025-11-22,0,pe,pct wk covid lab det,quantile,0.9,15.1
2025-11-22,2025-11-22,0,pe,pct wk covid lab det,quantile,0.975,20.2
2025-11-22,2025-11-29,1,pe,pct wk covid lab det,quantile,0.025,0
2025-11-22,2025-11-29,1,pe,pct wk covid lab det,quantile,0.1,1.2
2025-11-22,2025-11-29,1,pe,pct wk covid lab det,quantile,0.25,5
2025-11-22,2025-11-29,1,pe,pct wk covid lab det,quantile,0.5,9
2025-11-22,2025-11-29,1,pe,pct wk covid lab det,quantile,0.75,13.1
2025-11-22,2025-11-29,1,pe,pct wk covid lab det,quantile,0.9,17.1
2025-11-22,2025-11-29,1,pe,pct wk covid lab det,quantile,0.975,22.9
2025-11-22,2025-12-06,2,pe,pct wk covid lab det,quantile,0.025,0
2025-11-22,2025-12-06,2,pe,pct wk covid lab det,quantile,0.1,0
2025-11-22,2025-12-06,2,pe,pct wk covid lab det,quantile,0.25,2.8
2025-11-22,2025-12-06,2,pe,pct wk covid lab det,quantile,0.5,6.3
2025-11-22,2025-12-06,2,pe,pct wk covid lab det,quantile,0.75,9.7
2025-11-22,2025-12-06,2,pe,pct wk covid lab det,quantile,0.9,12.8
2025-11-22,2025-12-06,2,pe,pct wk covid lab det,quantile,0.975,17.2
2025-11-22,2025-12-13,3,pe,pct wk covid lab det,quantile,0.025,0
2025-11-22,2025-12-13,3,pe,pct wk covid lab det,quantile,0.1,0
2025-11-22,2025-12-13,3,pe,pct wk covid lab det,quantile,0.25,2.4
2025-11-22,2025-12-13,3,pe,pct wk covid lab det,quantile,0.5,5.9
2025-11-22,2025-12-13,3,pe,pct wk covid lab det,quantile,0.75,9.2
2025-11-22,2025-12-13,3,pe,pct wk covid lab det,quantile,0.9,12.3
2025-11-22,2025-12-13,3,pe,pct wk covid lab det,quantile,0.975,17.5
2025-11-22,2025-11-15,-1,prairies,pct wk covid lab det,quantile,0.025,3.1
2025-11-22,2025-11-15,-1,prairies,pct wk covid lab det,quantile,0.1,3.9
2025-11-22,2025-11-15,-1,prairies,pct wk covid lab det,quantile,0.25,4.7
2025-11-22,2025-11-15,-1,prairies,pct wk covid lab det,quantile,0.5,5.4
2025-11-22,2025-11-15,-1,prairies,pct wk covid lab det,quantile,0.75,6.2
2025-11-22,2025-11-15,-1,prairies,pct wk covid lab det,quantile,0.9,7.1
2025-11-22,2025-11-15,-1,prairies,pct wk covid lab det,quantile,0.975,7.9
2025-11-22,2025-11-22,0,prairies,pct wk covid lab det,quantile,0.025,3.1
2025-11-22,2025-11-22,0,prairies,pct wk covid lab det,quantile,0.1,3.8
2025-11-22,2025-11-22,0,prairies,pct wk covid lab det,quantile,0.25,4.3
2025-11-22,2025-11-22,0,prairies,pct wk covid lab det,quantile,0.5,4.9
2025-11-22,2025-11-22,0,prairies,pct wk covid lab det,quantile,0.75,5.4
2025-11-22,2025-11-22,0,prairies,pct wk covid lab det,quantile,0.9,6
2025-11-22,2025-11-22,0,prairies,pct wk covid lab det,quantile,0.975,6.6
2025-11-22,2025-11-29,1,prairies,pct wk covid lab det,quantile,0.025,3
2025-11-22,2025-11-29,1,prairies,pct wk covid lab det,quantile,0.1,3.6
2025-11-22,2025-11-29,1,prairies,pct wk covid lab det,quantile,0.25,4.1
2025-11-22,2025-11-29,1,prairies,pct wk covid lab det,quantile,0.5,4.7
2025-11-22,2025-11-29,1,prairies,pct wk covid lab det,quantile,0.75,5.2
2025-11-22,2025-11-29,1,prairies,pct wk covid lab det,quantile,0.9,5.7
2025-11-22,2025-11-29,1,prairies,pct wk covid lab det,quantile,0.975,6.3
2025-11-22,2025-12-06,2,prairies,pct wk covid lab det,quantile,0.025,2.7
2025-11-22,2025-12-06,2,prairies,pct wk covid lab det,quantile,0.1,3.3
2025-11-22,2025-12-06,2,prairies,pct wk covid lab det,quantile,0.25,3.8
2025-11-22,2025-12-06,2,prairies,pct wk covid lab det,quantile,0.5,4.3
2025-11-22,2025-12-06,2,prairies,pct wk covid lab det,quantile,0.75,4.9
2025-11-22,2025-12-06,2,prairies,pct wk covid lab det,quantile,0.9,5.5
2025-11-22,2025-12-06,2,prairies,pct wk covid lab det,quantile,0.975,6.2
2025-11-22,2025-12-13,3,prairies,pct wk covid lab det,quantile,0.025,2.5
2025-11-22,2025-12-13,3,prairies,pct wk covid lab det,quantile,0.1,3
2025-11-22,2025-12-13,3,prairies,pct wk covid lab det,quantile,0.25,3.5
2025-11-22,2025-12-13,3,prairies,pct wk covid lab det,quantile,0.5,4.1
2025-11-22,2025-12-13,3,prairies,pct wk covid lab det,quantile,0.75,4.7
2025-11-22,2025-12-13,3,prairies,pct wk covid lab det,quantile,0.9,5.3
2025-11-22,2025-12-13,3,prairies,pct wk covid lab det,quantile,0.975,6
2025-11-22,2025-11-15,-1,bc,pct wk covid lab det,quantile,0.025,4.3
2025-11-22,2025-11-15,-1,bc,pct wk covid lab det,quantile,0.1,5.2
2025-11-22,2025-11-15,-1,bc,pct wk covid lab det,quantile,0.25,5.9
2025-11-22,2025-11-15,-1,bc,pct wk covid lab det,quantile,0.5,6.7
2025-11-22,2025-11-15,-1,bc,pct wk covid lab det,quantile,0.75,7.4
2025-11-22,2025-11-15,-1,bc,pct wk covid lab det,quantile,0.9,8.2
2025-11-22,2025-11-15,-1,bc,pct wk covid lab det,quantile,0.975,9.1
2025-11-22,2025-11-22,0,bc,pct wk covid lab det,quantile,0.025,4.4
2025-11-22,2025-11-22,0,bc,pct wk covid lab det,quantile,0.1,5
2025-11-22,2025-11-22,0,bc,pct wk covid lab det,quantile,0.25,5.5
2025-11-22,2025-11-22,0,bc,pct wk covid lab det,quantile,0.5,6
2025-11-22,2025-11-22,0,bc,pct wk covid lab det,quantile,0.75,6.7
2025-11-22,2025-11-22,0,bc,pct wk covid lab det,quantile,0.9,7.3
2025-11-22,2025-11-22,0,bc,pct wk covid lab det,quantile,0.975,8.1
2025-11-22,2025-11-29,1,bc,pct wk covid lab det,quantile,0.025,4
2025-11-22,2025-11-29,1,bc,pct wk covid lab det,quantile,0.1,4.6
2025-11-22,2025-11-29,1,bc,pct wk covid lab det,quantile,0.25,5.1
2025-11-22,2025-11-29,1,bc,pct wk covid lab det,quantile,0.5,5.7
2025-11-22,2025-11-29,1,bc,pct wk covid lab det,quantile,0.75,6.3
2025-11-22,2025-11-29,1,bc,pct wk covid lab det,quantile,0.9,6.9
2025-11-22,2025-11-29,1,bc,pct wk covid lab det,quantile,0.975,7.6
2025-11-22,2025-12-06,2,bc,pct wk covid lab det,quantile,0.025,3.5
2025-11-22,2025-12-06,2,bc,pct wk covid lab det,quantile,0.1,4.2
2025-11-22,2025-12-06,2,bc,pct wk covid lab det,quantile,0.25,4.7
2025-11-22,2025-12-06,2,bc,pct wk covid lab det,quantile,0.5,5.3
2025-11-22,2025-12-06,2,bc,pct wk covid lab det,quantile,0.75,5.9
2025-11-22,2025-12-06,2,bc,pct wk covid lab det,quantile,0.9,6.5
2025-11-22,2025-12-06,2,bc,pct wk covid lab det,quantile,0.975,7.2
2025-11-22,2025-12-13,3,bc,pct wk covid lab det,quantile,0.025,3.3
2025-11-22,2025-12-13,3,bc,pct wk covid lab det,quantile,0.1,3.9
2025-11-22,2025-12-13,3,bc,pct wk covid lab det,quantile,0.25,4.5
2025-11-22,2025-12-13,3,bc,pct wk covid lab det,quantile,0.5,5
2025-11-22,2025-12-13,3,bc,pct wk covid lab det,quantile,0.75,5.7
2025-11-22,2025-12-13,3,bc,pct wk covid lab det,quantile,0.9,6.3
2025-11-22,2025-12-13,3,bc,pct wk covid lab det,quantile,0.975,7.1
2025-11-22,2025-11-15,-1,nu,pct wk covid lab det,quantile,0.025,0
2025-11-22,2025-11-15,-1,nu,pct wk covid lab det,quantile,0.1,0
2025-11-22,2025-11-15,-1,nu,pct wk covid lab det,quantile,0.25,0.5
2025-11-22,2025-11-15,-1,nu,pct wk covid lab det,quantile,0.5,3.3
2025-11-22,2025-11-15,-1,nu,pct wk covid lab det,quantile,0.75,6.3
2025-11-22,2025-11-15,-1,nu,pct wk covid lab det,quantile,0.9,9
2025-11-22,2025-11-15,-1,nu,pct wk covid lab det,quantile,0.975,11.8
2025-11-22,2025-11-22,0,nu,pct wk covid lab det,quantile,0.025,0
2025-11-22,2025-11-22,0,nu,pct wk covid lab det,quantile,0.1,0
2025-11-22,2025-11-22,0,nu,pct wk covid lab det,quantile,0.25,1.2
2025-11-22,2025-11-22,0,nu,pct wk covid lab det,quantile,0.5,3.1
2025-11-22,2025-11-22,0,nu,pct wk covid lab det,quantile,0.75,5
2025-11-22,2025-11-22,0,nu,pct wk covid lab det,quantile,0.9,6.5
2025-11-22,2025-11-22,0,nu,pct wk covid lab det,quantile,0.975,8.8
2025-11-22,2025-11-29,1,nu,pct wk covid lab det,quantile,0.025,0
2025-11-22,2025-11-29,1,nu,pct wk covid lab det,quantile,0.1,0.1
2025-11-22,2025-11-29,1,nu,pct wk covid lab det,quantile,0.25,1.6
2025-11-22,2025-11-29,1,nu,pct wk covid lab det,quantile,0.5,3.2
2025-11-22,2025-11-29,1,nu,pct wk covid lab det,quantile,0.75,5.1
2025-11-22,2025-11-29,1,nu,pct wk covid lab det,quantile,0.9,7
2025-11-22,2025-11-29,1,nu,pct wk covid lab det,quantile,0.975,9.3
2025-11-22,2025-12-06,2,nu,pct wk covid lab det,quantile,0.025,0
2025-11-22,2025-12-06,2,nu,pct wk covid lab det,quantile,0.1,0.2
2025-11-22,2025-12-06,2,nu,pct wk covid lab det,quantile,0.25,1.6
2025-11-22,2025-12-06,2,nu,pct wk covid lab det,quantile,0.5,3.3
2025-11-22,2025-12-06,2,nu,pct wk covid lab det,quantile,0.75,5
2025-11-22,2025-12-06,2,nu,pct wk covid lab det,quantile,0.9,6.6
2025-11-22,2025-12-06,2,nu,pct wk covid lab det,quantile,0.975,8.8
2025-11-22,2025-12-13,3,nu,pct wk covid lab det,quantile,0.025,0
2025-11-22,2025-12-13,3,nu,pct wk covid lab det,quantile,0.1,0
2025-11-22,2025-12-13,3,nu,pct wk covid lab det,quantile,0.25,1.1
2025-11-22,2025-12-13,3,nu,pct wk covid lab det,quantile,0.5,2.6
2025-11-22,2025-12-13,3,nu,pct wk covid lab det,quantile,0.75,4.2
2025-11-22,2025-12-13,3,nu,pct wk covid lab det,quantile,0.9,5.9
2025-11-22,2025-12-13,3,nu,pct wk covid lab det,quantile,0.975,7.9
2025-11-22,2025-11-15,-1,territories,pct wk covid lab det,quantile,0.025,0
2025-11-22,2025-11-15,-1,territories,pct wk covid lab det,quantile,0.1,0.2
2025-11-22,2025-11-15,-1,territories,pct wk covid lab det,quantile,0.25,2
2025-11-22,2025-11-15,-1,territories,pct wk covid lab det,quantile,0.5,4.3
2025-11-22,2025-11-15,-1,territories,pct wk covid lab det,quantile,0.75,6.5
2025-11-22,2025-11-15,-1,territories,pct wk covid lab det,quantile,0.9,8.7
2025-11-22,2025-11-15,-1,territories,pct wk covid lab det,quantile,0.975,10.5
2025-11-22,2025-11-22,0,territories,pct wk covid lab det,quantile,0.025,0.1
2025-11-22,2025-11-22,0,territories,pct wk covid lab det,quantile,0.1,1.4
2025-11-22,2025-11-22,0,territories,pct wk covid lab det,quantile,0.25,2.6
2025-11-22,2025-11-22,0,territories,pct wk covid lab det,quantile,0.5,3.9
2025-11-22,2025-11-22,0,territories,pct wk covid lab det,quantile,0.75,5.3
2025-11-22,2025-11-22,0,territories,pct wk covid lab det,quantile,0.9,6.6
2025-11-22,2025-11-22,0,territories,pct wk covid lab det,quantile,0.975,8.4
2025-11-22,2025-11-29,1,territories,pct wk covid lab det,quantile,0.025,0
2025-11-22,2025-11-29,1,territories,pct wk covid lab det,quantile,0.1,1.6
2025-11-22,2025-11-29,1,territories,pct wk covid lab det,quantile,0.25,2.8
2025-11-22,2025-11-29,1,territories,pct wk covid lab det,quantile,0.5,4.1
2025-11-22,2025-11-29,1,territories,pct wk covid lab det,quantile,0.75,5.5
2025-11-22,2025-11-29,1,territories,pct wk covid lab det,quantile,0.9,6.8
2025-11-22,2025-11-29,1,territories,pct wk covid lab det,quantile,0.975,8.5
2025-11-22,2025-12-06,2,territories,pct wk covid lab det,quantile,0.025,0
2025-11-22,2025-12-06,2,territories,pct wk covid lab det,quantile,0.1,1.4
2025-11-22,2025-12-06,2,territories,pct wk covid lab det,quantile,0.25,2.5
2025-11-22,2025-12-06,2,territories,pct wk covid lab det,quantile,0.5,3.9
2025-11-22,2025-12-06,2,territories,pct wk covid lab det,quantile,0.75,5.2
2025-11-22,2025-12-06,2,territories,pct wk covid lab det,quantile,0.9,6.5
2025-11-22,2025-12-06,2,territories,pct wk covid lab det,quantile,0.975,8.3
2025-11-22,2025-12-13,3,territories,pct wk covid lab det,quantile,0.025,0
2025-11-22,2025-12-13,3,territories,pct wk covid lab det,quantile,0.1,1.3
2025-11-22,2025-12-13,3,territories,pct wk covid lab det,quantile,0.25,2.2
2025-11-22,2025-12-13,3,territories,pct wk covid lab det,quantile,0.5,3.4
2025-11-22,2025-12-13,3,territories,pct wk covid lab det,quantile,0.75,4.6
2025-11-22,2025-12-13,3,territories,pct wk covid lab det,quantile,0.9,5.8
2025-11-22,2025-12-13,3,territories,pct wk covid lab det,quantile,0.975,7.6
2025-11-22,2025-11-15,-1,ca,pct wk covid lab det,quantile,0.025,4.5
2025-11-22,2025-11-15,-1,ca,pct wk covid lab det,quantile,0.1,5.1
2025-11-22,2025-11-15,-1,ca,pct wk covid lab det,quantile,0.25,5.7
2025-11-22,2025-11-15,-1,ca,pct wk covid lab det,quantile,0.5,6.3
2025-11-22,2025-11-15,-1,ca,pct wk covid lab det,quantile,0.75,7
2025-11-22,2025-11-15,-1,ca,pct wk covid lab det,quantile,0.9,7.5
2025-11-22,2025-11-15,-1,ca,pct wk covid lab det,quantile,0.975,8.2
2025-11-22,2025-11-22,0,ca,pct wk covid lab det,quantile,0.025,4.6
2025-11-22,2025-11-22,0,ca,pct wk covid lab det,quantile,0.1,5
2025-11-22,2025-11-22,0,ca,pct wk covid lab det,quantile,0.25,5.5
2025-11-22,2025-11-22,0,ca,pct wk covid lab det,quantile,0.5,6
2025-11-22,2025-11-22,0,ca,pct wk covid lab det,quantile,0.75,6.5
2025-11-22,2025-11-22,0,ca,pct wk covid lab det,quantile,0.9,7
2025-11-22,2025-11-22,0,ca,pct wk covid lab det,quantile,0.975,7.5
2025-11-22,2025-11-29,1,ca,pct wk covid lab det,quantile,0.025,4.4
2025-11-22,2025-11-29,1,ca,pct wk covid lab det,quantile,0.1,4.8
2025-11-22,2025-11-29,1,ca,pct wk covid lab det,quantile,0.25,5.2
2025-11-22,2025-11-29,1,ca,pct wk covid lab det,quantile,0.5,5.7
2025-11-22,2025-11-29,1,ca,pct wk covid lab det,quantile,0.75,6.2
2025-11-22,2025-11-29,1,ca,pct wk covid lab det,quantile,0.9,6.7
2025-11-22,2025-11-29,1,ca,pct wk covid lab det,quantile,0.975,7.3
2025-11-22,2025-12-06,2,ca,pct wk covid lab det,quantile,0.025,3.8
2025-11-22,2025-12-06,2,ca,pct wk covid lab det,quantile,0.1,4.3
2025-11-22,2025-12-06,2,ca,pct wk covid lab det,quantile,0.25,4.8
2025-11-22,2025-12-06,2,ca,pct wk covid lab det,quantile,0.5,5.3
2025-11-22,2025-12-06,2,ca,pct wk covid lab det,quantile,0.75,5.8
2025-11-22,2025-12-06,2,ca,pct wk covid lab det,quantile,0.9,6.3
2025-11-22,2025-12-06,2,ca,pct wk covid lab det,quantile,0.975,6.9
2025-11-22,2025-12-13,3,ca,pct wk covid lab det,quantile,0.025,3.4
2025-11-22,2025-12-13,3,ca,pct wk covid lab det,quantile,0.1,3.9
2025-11-22,2025-12-13,3,ca,pct wk covid lab det,quantile,0.25,4.4
2025-11-22,2025-12-13,3,ca,pct wk covid lab det,quantile,0.5,4.9
2025-11-22,2025-12-13,3,ca,pct wk covid lab det,quantile,0.75,5.5
2025-11-22,2025-12-13,3,ca,pct wk covid lab det,quantile,0.9,6
2025-11-22,2025-12-13,3,ca,pct wk covid lab det,quantile,0.975,6.7
2025-11-22,2025-11-15,-1,nl,pct wk covid lab det,quantile,0.025,2.3
2025-11-22,2025-11-15,-1,nl,pct wk covid lab det,quantile,0.1,4.8
2025-11-22,2025-11-15,-1,nl,pct wk covid lab det,quantile,0.25,6.6
2025-11-22,2025-11-15,-1,nl,pct wk covid lab det,quantile,0.5,8.3
2025-11-22,2025-11-15,-1,nl,pct wk covid lab det,quantile,0.75,10.3
2025-11-22,2025-11-15,-1,nl,pct wk covid lab det,quantile,0.9,12.2
2025-11-22,2025-11-15,-1,nl,pct wk covid lab det,quantile,0.975,14.6
2025-11-22,2025-11-22,0,nl,pct wk covid lab det,quantile,0.025,3.8
2025-11-22,2025-11-22,0,nl,pct wk covid lab det,quantile,0.1,5.6
2025-11-22,2025-11-22,0,nl,pct wk covid lab det,quantile,0.25,6.6
2025-11-22,2025-11-22,0,nl,pct wk covid lab det,quantile,0.5,7.9
2025-11-22,2025-11-22,0,nl,pct wk covid lab det,quantile,0.75,9.5
2025-11-22,2025-11-22,0,nl,pct wk covid lab det,quantile,0.9,11
2025-11-22,2025-11-22,0,nl,pct wk covid lab det,quantile,0.975,13.3
2025-11-22,2025-11-29,1,nl,pct wk covid lab det,quantile,0.025,3.9
2025-11-22,2025-11-29,1,nl,pct wk covid lab det,quantile,0.1,5.4
2025-11-22,2025-11-29,1,nl,pct wk covid lab det,quantile,0.25,6.5
2025-11-22,2025-11-29,1,nl,pct wk covid lab det,quantile,0.5,7.8
2025-11-22,2025-11-29,1,nl,pct wk covid lab det,quantile,0.75,9.1
2025-11-22,2025-11-29,1,nl,pct wk covid lab det,quantile,0.9,10.5
2025-11-22,2025-11-29,1,nl,pct wk covid lab det,quantile,0.975,12.1
2025-11-22,2025-12-06,2,nl,pct wk covid lab det,quantile,0.025,3.2
2025-11-22,2025-12-06,2,nl,pct wk covid lab det,quantile,0.1,4.5
2025-11-22,2025-12-06,2,nl,pct wk covid lab det,quantile,0.25,5.5
2025-11-22,2025-12-06,2,nl,pct wk covid lab det,quantile,0.5,6.7
2025-11-22,2025-12-06,2,nl,pct wk covid lab det,quantile,0.75,8
2025-11-22,2025-12-06,2,nl,pct wk covid lab det,quantile,0.9,9.5
2025-11-22,2025-12-06,2,nl,pct wk covid lab det,quantile,0.975,11.1
2025-11-22,2025-12-13,3,nl,pct wk covid lab det,quantile,0.025,3
2025-11-22,2025-12-13,3,nl,pct wk covid lab det,quantile,0.1,4.4
2025-11-22,2025-12-13,3,nl,pct wk covid lab det,quantile,0.25,5.4
2025-11-22,2025-12-13,3,nl,pct wk covid lab det,quantile,0.5,6.7
2025-11-22,2025-12-13,3,nl,pct wk covid lab det,quantile,0.75,8
2025-11-22,2025-12-13,3,nl,pct wk covid lab det,quantile,0.9,9.4
2025-11-22,2025-12-13,3,nl,pct wk covid lab det,quantile,0.975,11.5
2025-11-22,2025-11-15,-1,ab,pct wk rsv lab det,quantile,0.025,1.5
2025-11-22,2025-11-15,-1,ab,pct wk rsv lab det,quantile,0.1,1.5
2025-11-22,2025-11-15,-1,ab,pct wk rsv lab det,quantile,0.25,1.5
2025-11-22,2025-11-15,-1,ab,pct wk rsv lab det,quantile,0.5,1.5
2025-11-22,2025-11-15,-1,ab,pct wk rsv lab det,quantile,0.75,1.5
2025-11-22,2025-11-15,-1,ab,pct wk rsv lab det,quantile,0.9,1.5
2025-11-22,2025-11-15,-1,ab,pct wk rsv lab det,quantile,0.975,1.5
2025-11-22,2025-11-22,0,ab,pct wk rsv lab det,quantile,0.025,1.2
2025-11-22,2025-11-22,0,ab,pct wk rsv lab det,quantile,0.1,1.3
2025-11-22,2025-11-22,0,ab,pct wk rsv lab det,quantile,0.25,1.4
2025-11-22,2025-11-22,0,ab,pct wk rsv lab det,quantile,0.5,1.6
2025-11-22,2025-11-22,0,ab,pct wk rsv lab det,quantile,0.75,1.7
2025-11-22,2025-11-22,0,ab,pct wk rsv lab det,quantile,0.9,1.9
2025-11-22,2025-11-22,0,ab,pct wk rsv lab det,quantile,0.975,2
2025-11-22,2025-11-29,1,ab,pct wk rsv lab det,quantile,0.025,1.1
2025-11-22,2025-11-29,1,ab,pct wk rsv lab det,quantile,0.1,1.3
2025-11-22,2025-11-29,1,ab,pct wk rsv lab det,quantile,0.25,1.5
2025-11-22,2025-11-29,1,ab,pct wk rsv lab det,quantile,0.5,1.8
2025-11-22,2025-11-29,1,ab,pct wk rsv lab det,quantile,0.75,2.1
2025-11-22,2025-11-29,1,ab,pct wk rsv lab det,quantile,0.9,2.3
2025-11-22,2025-11-29,1,ab,pct wk rsv lab det,quantile,0.975,2.6
2025-11-22,2025-12-06,2,ab,pct wk rsv lab det,quantile,0.025,1.1
2025-11-22,2025-12-06,2,ab,pct wk rsv lab det,quantile,0.1,1.4
2025-11-22,2025-12-06,2,ab,pct wk rsv lab det,quantile,0.25,1.7
2025-11-22,2025-12-06,2,ab,pct wk rsv lab det,quantile,0.5,2.1
2025-11-22,2025-12-06,2,ab,pct wk rsv lab det,quantile,0.75,2.4
2025-11-22,2025-12-06,2,ab,pct wk rsv lab det,quantile,0.9,2.8
2025-11-22,2025-12-06,2,ab,pct wk rsv lab det,quantile,0.975,3.3
2025-11-22,2025-12-13,3,ab,pct wk rsv lab det,quantile,0.025,1
2025-11-22,2025-12-13,3,ab,pct wk rsv lab det,quantile,0.1,1.5
2025-11-22,2025-12-13,3,ab,pct wk rsv lab det,quantile,0.25,1.9
2025-11-22,2025-12-13,3,ab,pct wk rsv lab det,quantile,0.5,2.4
2025-11-22,2025-12-13,3,ab,pct wk rsv lab det,quantile,0.75,3
2025-11-22,2025-12-13,3,ab,pct wk rsv lab det,quantile,0.9,3.6
2025-11-22,2025-12-13,3,ab,pct wk rsv lab det,quantile,0.975,4.4
2025-11-22,2025-11-15,-1,nb,pct wk rsv lab det,quantile,0.025,0
2025-11-22,2025-11-15,-1,nb,pct wk rsv lab det,quantile,0.1,0
2025-11-22,2025-11-15,-1,nb,pct wk rsv lab det,quantile,0.25,0
2025-11-22,2025-11-15,-1,nb,pct wk rsv lab det,quantile,0.5,0.4
2025-11-22,2025-11-15,-1,nb,pct wk rsv lab det,quantile,0.75,1
2025-11-22,2025-11-15,-1,nb,pct wk rsv lab det,quantile,0.9,1.5
2025-11-22,2025-11-15,-1,nb,pct wk rsv lab det,quantile,0.975,2.1
2025-11-22,2025-11-22,0,nb,pct wk rsv lab det,quantile,0.025,0
2025-11-22,2025-11-22,0,nb,pct wk rsv lab det,quantile,0.1,0
2025-11-22,2025-11-22,0,nb,pct wk rsv lab det,quantile,0.25,0
2025-11-22,2025-11-22,0,nb,pct wk rsv lab det,quantile,0.5,0.5
2025-11-22,2025-11-22,0,nb,pct wk rsv lab det,quantile,0.75,1
2025-11-22,2025-11-22,0,nb,pct wk rsv lab det,quantile,0.9,1.6
2025-11-22,2025-11-22,0,nb,pct wk rsv lab det,quantile,0.975,2.3
2025-11-22,2025-11-29,1,nb,pct wk rsv lab det,quantile,0.025,0
2025-11-22,2025-11-29,1,nb,pct wk rsv lab det,quantile,0.1,0
2025-11-22,2025-11-29,1,nb,pct wk rsv lab det,quantile,0.25,0
2025-11-22,2025-11-29,1,nb,pct wk rsv lab det,quantile,0.5,0.5
2025-11-22,2025-11-29,1,nb,pct wk rsv lab det,quantile,0.75,1.1
2025-11-22,2025-11-29,1,nb,pct wk rsv lab det,quantile,0.9,1.7
2025-11-22,2025-11-29,1,nb,pct wk rsv lab det,quantile,0.975,2.5
2025-11-22,2025-12-06,2,nb,pct wk rsv lab det,quantile,0.025,0
2025-11-22,2025-12-06,2,nb,pct wk rsv lab det,quantile,0.1,0
2025-11-22,2025-12-06,2,nb,pct wk rsv lab det,quantile,0.25,0.1
2025-11-22,2025-12-06,2,nb,pct wk rsv lab det,quantile,0.5,0.6
2025-11-22,2025-12-06,2,nb,pct wk rsv lab det,quantile,0.75,1.3
2025-11-22,2025-12-06,2,nb,pct wk rsv lab det,quantile,0.9,2
2025-11-22,2025-12-06,2,nb,pct wk rsv lab det,quantile,0.975,3.2
2025-11-22,2025-12-13,3,nb,pct wk rsv lab det,quantile,0.025,0
2025-11-22,2025-12-13,3,nb,pct wk rsv lab det,quantile,0.1,0
2025-11-22,2025-12-13,3,nb,pct wk rsv lab det,quantile,0.25,0
2025-11-22,2025-12-13,3,nb,pct wk rsv lab det,quantile,0.5,0.7
2025-11-22,2025-12-13,3,nb,pct wk rsv lab det,quantile,0.75,1.5
2025-11-22,2025-12-13,3,nb,pct wk rsv lab det,quantile,0.9,2.4
2025-11-22,2025-12-13,3,nb,pct wk rsv lab det,quantile,0.975,3.7
2025-11-22,2025-11-15,-1,atlantic,pct wk rsv lab det,quantile,0.025,0
2025-11-22,2025-11-15,-1,atlantic,pct wk rsv lab det,quantile,0.1,0
2025-11-22,2025-11-15,-1,atlantic,pct wk rsv lab det,quantile,0.25,0.1
2025-11-22,2025-11-15,-1,atlantic,pct wk rsv lab det,quantile,0.5,0.6
2025-11-22,2025-11-15,-1,atlantic,pct wk rsv lab det,quantile,0.75,1.1
2025-11-22,2025-11-15,-1,atlantic,pct wk rsv lab det,quantile,0.9,1.6
2025-11-22,2025-11-15,-1,atlantic,pct wk rsv lab det,quantile,0.975,2
2025-11-22,2025-11-22,0,atlantic,pct wk rsv lab det,quantile,0.025,0
2025-11-22,2025-11-22,0,atlantic,pct wk rsv lab det,quantile,0.1,0
2025-11-22,2025-11-22,0,atlantic,pct wk rsv lab det,quantile,0.25,0.4
2025-11-22,2025-11-22,0,atlantic,pct wk rsv lab det,quantile,0.5,0.8
2025-11-22,2025-11-22,0,atlantic,pct wk rsv lab det,quantile,0.75,1.4
2025-11-22,2025-11-22,0,atlantic,pct wk rsv lab det,quantile,0.9,1.9
2025-11-22,2025-11-22,0,atlantic,pct wk rsv lab det,quantile,0.975,2.6
2025-11-22,2025-11-29,1,atlantic,pct wk rsv lab det,quantile,0.025,0
2025-11-22,2025-11-29,1,atlantic,pct wk rsv lab det,quantile,0.1,0
2025-11-22,2025-11-29,1,atlantic,pct wk rsv lab det,quantile,0.25,0.5
2025-11-22,2025-11-29,1,atlantic,pct wk rsv lab det,quantile,0.5,1
2025-11-22,2025-11-29,1,atlantic,pct wk rsv lab det,quantile,0.75,1.5
2025-11-22,2025-11-29,1,atlantic,pct wk rsv lab det,quantile,0.9,2.1
2025-11-22,2025-11-29,1,atlantic,pct wk rsv lab det,quantile,0.975,2.7
2025-11-22,2025-12-06,2,atlantic,pct wk rsv lab det,quantile,0.025,0
2025-11-22,2025-12-06,2,atlantic,pct wk rsv lab det,quantile,0.1,0.3
2025-11-22,2025-12-06,2,atlantic,pct wk rsv lab det,quantile,0.25,0.7
2025-11-22,2025-12-06,2,atlantic,pct wk rsv lab det,quantile,0.5,1.3
2025-11-22,2025-12-06,2,atlantic,pct wk rsv lab det,quantile,0.75,1.9
2025-11-22,2025-12-06,2,atlantic,pct wk rsv lab det,quantile,0.9,2.5
2025-11-22,2025-12-06,2,atlantic,pct wk rsv lab det,quantile,0.975,3.7
2025-11-22,2025-12-13,3,atlantic,pct wk rsv lab det,quantile,0.025,0
2025-11-22,2025-12-13,3,atlantic,pct wk rsv lab det,quantile,0.1,0.1
2025-11-22,2025-12-13,3,atlantic,pct wk rsv lab det,quantile,0.25,0.6
2025-11-22,2025-12-13,3,atlantic,pct wk rsv lab det,quantile,0.5,1.2
2025-11-22,2025-12-13,3,atlantic,pct wk rsv lab det,quantile,0.75,2
2025-11-22,2025-12-13,3,atlantic,pct wk rsv lab det,quantile,0.9,2.8
2025-11-22,2025-12-13,3,atlantic,pct wk rsv lab det,quantile,0.975,4.1
2025-11-22,2025-11-15,-1,qc,pct wk rsv lab det,quantile,0.025,0.8
2025-11-22,2025-11-15,-1,qc,pct wk rsv lab det,quantile,0.1,0.8
2025-11-22,2025-11-15,-1,qc,pct wk rsv lab det,quantile,0.25,0.8
2025-11-22,2025-11-15,-1,qc,pct wk rsv lab det,quantile,0.5,0.8
2025-11-22,2025-11-15,-1,qc,pct wk rsv lab det,quantile,0.75,0.8
2025-11-22,2025-11-15,-1,qc,pct wk rsv lab det,quantile,0.9,0.8
2025-11-22,2025-11-15,-1,qc,pct wk rsv lab det,quantile,0.975,0.8
2025-11-22,2025-11-22,0,qc,pct wk rsv lab det,quantile,0.025,0.7
2025-11-22,2025-11-22,0,qc,pct wk rsv lab det,quantile,0.1,0.8
2025-11-22,2025-11-22,0,qc,pct wk rsv lab det,quantile,0.25,0.9
2025-11-22,2025-11-22,0,qc,pct wk rsv lab det,quantile,0.5,1
2025-11-22,2025-11-22,0,qc,pct wk rsv lab det,quantile,0.75,1.2
2025-11-22,2025-11-22,0,qc,pct wk rsv lab det,quantile,0.9,1.3
2025-11-22,2025-11-22,0,qc,pct wk rsv lab det,quantile,0.975,1.4
2025-11-22,2025-11-29,1,qc,pct wk rsv lab det,quantile,0.025,0.7
2025-11-22,2025-11-29,1,qc,pct wk rsv lab det,quantile,0.1,0.9
2025-11-22,2025-11-29,1,qc,pct wk rsv lab det,quantile,0.25,1.1
2025-11-22,2025-11-29,1,qc,pct wk rsv lab det,quantile,0.5,1.2
2025-11-22,2025-11-29,1,qc,pct wk rsv lab det,quantile,0.75,1.4
2025-11-22,2025-11-29,1,qc,pct wk rsv lab det,quantile,0.9,1.6
2025-11-22,2025-11-29,1,qc,pct wk rsv lab det,quantile,0.975,1.8
2025-11-22,2025-12-06,2,qc,pct wk rsv lab det,quantile,0.025,0.7
2025-11-22,2025-12-06,2,qc,pct wk rsv lab det,quantile,0.1,0.9
2025-11-22,2025-12-06,2,qc,pct wk rsv lab det,quantile,0.25,1.2
2025-11-22,2025-12-06,2,qc,pct wk rsv lab det,quantile,0.5,1.5
2025-11-22,2025-12-06,2,qc,pct wk rsv lab det,quantile,0.75,1.8
2025-11-22,2025-12-06,2,qc,pct wk rsv lab det,quantile,0.9,2
2025-11-22,2025-12-06,2,qc,pct wk rsv lab det,quantile,0.975,2.3
2025-11-22,2025-12-13,3,qc,pct wk rsv lab det,quantile,0.025,0.6
2025-11-22,2025-12-13,3,qc,pct wk rsv lab det,quantile,0.1,0.9
2025-11-22,2025-12-13,3,qc,pct wk rsv lab det,quantile,0.25,1.3
2025-11-22,2025-12-13,3,qc,pct wk rsv lab det,quantile,0.5,1.6
2025-11-22,2025-12-13,3,qc,pct wk rsv lab det,quantile,0.75,2
2025-11-22,2025-12-13,3,qc,pct wk rsv lab det,quantile,0.9,2.4
2025-11-22,2025-12-13,3,qc,pct wk rsv lab det,quantile,0.975,3
2025-11-22,2025-11-15,-1,on,pct wk rsv lab det,quantile,0.025,1.2
2025-11-22,2025-11-15,-1,on,pct wk rsv lab det,quantile,0.1,1.2
2025-11-22,2025-11-15,-1,on,pct wk rsv lab det,quantile,0.25,1.2
2025-11-22,2025-11-15,-1,on,pct wk rsv lab det,quantile,0.5,1.2
2025-11-22,2025-11-15,-1,on,pct wk rsv lab det,quantile,0.75,1.2
2025-11-22,2025-11-15,-1,on,pct wk rsv lab det,quantile,0.9,1.2
2025-11-22,2025-11-15,-1,on,pct wk rsv lab det,quantile,0.975,1.2
2025-11-22,2025-11-22,0,on,pct wk rsv lab det,quantile,0.025,0.9
2025-11-22,2025-11-22,0,on,pct wk rsv lab det,quantile,0.1,1
2025-11-22,2025-11-22,0,on,pct wk rsv lab det,quantile,0.25,1.1
2025-11-22,2025-11-22,0,on,pct wk rsv lab det,quantile,0.5,1.2
2025-11-22,2025-11-22,0,on,pct wk rsv lab det,quantile,0.75,1.3
2025-11-22,2025-11-22,0,on,pct wk rsv lab det,quantile,0.9,1.4
2025-11-22,2025-11-22,0,on,pct wk rsv lab det,quantile,0.975,1.6
2025-11-22,2025-11-29,1,on,pct wk rsv lab det,quantile,0.025,0.8
2025-11-22,2025-11-29,1,on,pct wk rsv lab det,quantile,0.1,1
2025-11-22,2025-11-29,1,on,pct wk rsv lab det,quantile,0.25,1.2
2025-11-22,2025-11-29,1,on,pct wk rsv lab det,quantile,0.5,1.4
2025-11-22,2025-11-29,1,on,pct wk rsv lab det,quantile,0.75,1.6
2025-11-22,2025-11-29,1,on,pct wk rsv lab det,quantile,0.9,1.8
2025-11-22,2025-11-29,1,on,pct wk rsv lab det,quantile,0.975,2.1
2025-11-22,2025-12-06,2,on,pct wk rsv lab det,quantile,0.025,0.9
2025-11-22,2025-12-06,2,on,pct wk rsv lab det,quantile,0.1,1.2
2025-11-22,2025-12-06,2,on,pct wk rsv lab det,quantile,0.25,1.4
2025-11-22,2025-12-06,2,on,pct wk rsv lab det,quantile,0.5,1.7
2025-11-22,2025-12-06,2,on,pct wk rsv lab det,quantile,0.75,2.1
2025-11-22,2025-12-06,2,on,pct wk rsv lab det,quantile,0.9,2.4
2025-11-22,2025-12-06,2,on,pct wk rsv lab det,quantile,0.975,2.7
2025-11-22,2025-12-13,3,on,pct wk rsv lab det,quantile,0.025,0.8
2025-11-22,2025-12-13,3,on,pct wk rsv lab det,quantile,0.1,1.2
2025-11-22,2025-12-13,3,on,pct wk rsv lab det,quantile,0.25,1.5
2025-11-22,2025-12-13,3,on,pct wk rsv lab det,quantile,0.5,2
2025-11-22,2025-12-13,3,on,pct wk rsv lab det,quantile,0.75,2.4
2025-11-22,2025-12-13,3,on,pct wk rsv lab det,quantile,0.9,2.9
2025-11-22,2025-12-13,3,on,pct wk rsv lab det,quantile,0.975,3.5
2025-11-22,2025-11-15,-1,sk,pct wk rsv lab det,quantile,0.025,0
2025-11-22,2025-11-15,-1,sk,pct wk rsv lab det,quantile,0.1,0.4
2025-11-22,2025-11-15,-1,sk,pct wk rsv lab det,quantile,0.25,0.8
2025-11-22,2025-11-15,-1,sk,pct wk rsv lab det,quantile,0.5,1.2
2025-11-22,2025-11-15,-1,sk,pct wk rsv lab det,quantile,0.75,1.7
2025-11-22,2025-11-15,-1,sk,pct wk rsv lab det,quantile,0.9,2.1
2025-11-22,2025-11-15,-1,sk,pct wk rsv lab det,quantile,0.975,2.6
2025-11-22,2025-11-22,0,sk,pct wk rsv lab det,quantile,0.025,0
2025-11-22,2025-11-22,0,sk,pct wk rsv lab det,quantile,0.1,0.6
2025-11-22,2025-11-22,0,sk,pct wk rsv lab det,quantile,0.25,1.1
2025-11-22,2025-11-22,0,sk,pct wk rsv lab det,quantile,0.5,1.7
2025-11-22,2025-11-22,0,sk,pct wk rsv lab det,quantile,0.75,2.3
2025-11-22,2025-11-22,0,sk,pct wk rsv lab det,quantile,0.9,2.8
2025-11-22,2025-11-22,0,sk,pct wk rsv lab det,quantile,0.975,3.5
2025-11-22,2025-11-29,1,sk,pct wk rsv lab det,quantile,0.025,0.3
2025-11-22,2025-11-29,1,sk,pct wk rsv lab det,quantile,0.1,1
2025-11-22,2025-11-29,1,sk,pct wk rsv lab det,quantile,0.25,1.5
2025-11-22,2025-11-29,1,sk,pct wk rsv lab det,quantile,0.5,2.1
2025-11-22,2025-11-29,1,sk,pct wk rsv lab det,quantile,0.75,2.8
2025-11-22,2025-11-29,1,sk,pct wk rsv lab det,quantile,0.9,3.4
2025-11-22,2025-11-29,1,sk,pct wk rsv lab det,quantile,0.975,4.2
2025-11-22,2025-12-06,2,sk,pct wk rsv lab det,quantile,0.025,0.6
2025-11-22,2025-12-06,2,sk,pct wk rsv lab det,quantile,0.1,1.2
2025-11-22,2025-12-06,2,sk,pct wk rsv lab det,quantile,0.25,1.7
2025-11-22,2025-12-06,2,sk,pct wk rsv lab det,quantile,0.5,2.4
2025-11-22,2025-12-06,2,sk,pct wk rsv lab det,quantile,0.75,3.3
2025-11-22,2025-12-06,2,sk,pct wk rsv lab det,quantile,0.9,4.2
2025-11-22,2025-12-06,2,sk,pct wk rsv lab det,quantile,0.975,5.4
2025-11-22,2025-12-13,3,sk,pct wk rsv lab det,quantile,0.025,0.5
2025-11-22,2025-12-13,3,sk,pct wk rsv lab det,quantile,0.1,1.1
2025-11-22,2025-12-13,3,sk,pct wk rsv lab det,quantile,0.25,1.7
2025-11-22,2025-12-13,3,sk,pct wk rsv lab det,quantile,0.5,2.6
2025-11-22,2025-12-13,3,sk,pct wk rsv lab det,quantile,0.75,3.7
2025-11-22,2025-12-13,3,sk,pct wk rsv lab det,quantile,0.9,4.8
2025-11-22,2025-12-13,3,sk,pct wk rsv lab det,quantile,0.975,6.2
2025-11-22,2025-11-15,-1,prairies,pct wk rsv lab det,quantile,0.025,1.2
2025-11-22,2025-11-15,-1,prairies,pct wk rsv lab det,quantile,0.1,1.2
2025-11-22,2025-11-15,-1,prairies,pct wk rsv lab det,quantile,0.25,1.2
2025-11-22,2025-11-15,-1,prairies,pct wk rsv lab det,quantile,0.5,1.2
2025-11-22,2025-11-15,-1,prairies,pct wk rsv lab det,quantile,0.75,1.2
2025-11-22,2025-11-15,-1,prairies,pct wk rsv lab det,quantile,0.9,1.2
2025-11-22,2025-11-15,-1,prairies,pct wk rsv lab det,quantile,0.975,1.2
2025-11-22,2025-11-22,0,prairies,pct wk rsv lab det,quantile,0.025,1
2025-11-22,2025-11-22,0,prairies,pct wk rsv lab det,quantile,0.1,1.1
2025-11-22,2025-11-22,0,prairies,pct wk rsv lab det,quantile,0.25,1.2
2025-11-22,2025-11-22,0,prairies,pct wk rsv lab det,quantile,0.5,1.3
2025-11-22,2025-11-22,0,prairies,pct wk rsv lab det,quantile,0.75,1.5
2025-11-22,2025-11-22,0,prairies,pct wk rsv lab det,quantile,0.9,1.6
2025-11-22,2025-11-22,0,prairies,pct wk rsv lab det,quantile,0.975,1.7
2025-11-22,2025-11-29,1,prairies,pct wk rsv lab det,quantile,0.025,0.9
2025-11-22,2025-11-29,1,prairies,pct wk rsv lab det,quantile,0.1,1.1
2025-11-22,2025-11-29,1,prairies,pct wk rsv lab det,quantile,0.25,1.3
2025-11-22,2025-11-29,1,prairies,pct wk rsv lab det,quantile,0.5,1.5
2025-11-22,2025-11-29,1,prairies,pct wk rsv lab det,quantile,0.75,1.8
2025-11-22,2025-11-29,1,prairies,pct wk rsv lab det,quantile,0.9,2
2025-11-22,2025-11-29,1,prairies,pct wk rsv lab det,quantile,0.975,2.2
2025-11-22,2025-12-06,2,prairies,pct wk rsv lab det,quantile,0.025,0.9
2025-11-22,2025-12-06,2,prairies,pct wk rsv lab det,quantile,0.1,1.2
2025-11-22,2025-12-06,2,prairies,pct wk rsv lab det,quantile,0.25,1.5
2025-11-22,2025-12-06,2,prairies,pct wk rsv lab det,quantile,0.5,1.8
2025-11-22,2025-12-06,2,prairies,pct wk rsv lab det,quantile,0.75,2.1
2025-11-22,2025-12-06,2,prairies,pct wk rsv lab det,quantile,0.9,2.4
2025-11-22,2025-12-06,2,prairies,pct wk rsv lab det,quantile,0.975,2.9
2025-11-22,2025-12-13,3,prairies,pct wk rsv lab det,quantile,0.025,0.8
2025-11-22,2025-12-13,3,prairies,pct wk rsv lab det,quantile,0.1,1.3
2025-11-22,2025-12-13,3,prairies,pct wk rsv lab det,quantile,0.25,1.6
2025-11-22,2025-12-13,3,prairies,pct wk rsv lab det,quantile,0.5,2.1
2025-11-22,2025-12-13,3,prairies,pct wk rsv lab det,quantile,0.75,2.6
2025-11-22,2025-12-13,3,prairies,pct wk rsv lab det,quantile,0.9,3.1
2025-11-22,2025-12-13,3,prairies,pct wk rsv lab det,quantile,0.975,3.7
2025-11-22,2025-11-15,-1,bc,pct wk rsv lab det,quantile,0.025,0.3
2025-11-22,2025-11-15,-1,bc,pct wk rsv lab det,quantile,0.1,0.8
2025-11-22,2025-11-15,-1,bc,pct wk rsv lab det,quantile,0.25,1.4
2025-11-22,2025-11-15,-1,bc,pct wk rsv lab det,quantile,0.5,2
2025-11-22,2025-11-15,-1,bc,pct wk rsv lab det,quantile,0.75,2.7
2025-11-22,2025-11-15,-1,bc,pct wk rsv lab det,quantile,0.9,3.4
2025-11-22,2025-11-15,-1,bc,pct wk rsv lab det,quantile,0.975,4
2025-11-22,2025-11-22,0,bc,pct wk rsv lab det,quantile,0.025,0
2025-11-22,2025-11-22,0,bc,pct wk rsv lab det,quantile,0.1,0.5
2025-11-22,2025-11-22,0,bc,pct wk rsv lab det,quantile,0.25,1.2
2025-11-22,2025-11-22,0,bc,pct wk rsv lab det,quantile,0.5,1.9
2025-11-22,2025-11-22,0,bc,pct wk rsv lab det,quantile,0.75,2.7
2025-11-22,2025-11-22,0,bc,pct wk rsv lab det,quantile,0.9,3.5
2025-11-22,2025-11-22,0,bc,pct wk rsv lab det,quantile,0.975,4.6
2025-11-22,2025-11-29,1,bc,pct wk rsv lab det,quantile,0.025,0
2025-11-22,2025-11-29,1,bc,pct wk rsv lab det,quantile,0.1,0.7
2025-11-22,2025-11-29,1,bc,pct wk rsv lab det,quantile,0.25,1.4
2025-11-22,2025-11-29,1,bc,pct wk rsv lab det,quantile,0.5,2.2
2025-11-22,2025-11-29,1,bc,pct wk rsv lab det,quantile,0.75,3
2025-11-22,2025-11-29,1,bc,pct wk rsv lab det,quantile,0.9,3.9
2025-11-22,2025-11-29,1,bc,pct wk rsv lab det,quantile,0.975,5
2025-11-22,2025-12-06,2,bc,pct wk rsv lab det,quantile,0.025,0
2025-11-22,2025-12-06,2,bc,pct wk rsv lab det,quantile,0.1,0.6
2025-11-22,2025-12-06,2,bc,pct wk rsv lab det,quantile,0.25,1.4
2025-11-22,2025-12-06,2,bc,pct wk rsv lab det,quantile,0.5,2.4
2025-11-22,2025-12-06,2,bc,pct wk rsv lab det,quantile,0.75,3.4
2025-11-22,2025-12-06,2,bc,pct wk rsv lab det,quantile,0.9,4.6
2025-11-22,2025-12-06,2,bc,pct wk rsv lab det,quantile,0.975,6.5
2025-11-22,2025-12-13,3,bc,pct wk rsv lab det,quantile,0.025,0.3
2025-11-22,2025-12-13,3,bc,pct wk rsv lab det,quantile,0.1,1
2025-11-22,2025-12-13,3,bc,pct wk rsv lab det,quantile,0.25,1.9
2025-11-22,2025-12-13,3,bc,pct wk rsv lab det,quantile,0.5,3.1
2025-11-22,2025-12-13,3,bc,pct wk rsv lab det,quantile,0.75,4.4
2025-11-22,2025-12-13,3,bc,pct wk rsv lab det,quantile,0.9,6
2025-11-22,2025-12-13,3,bc,pct wk rsv lab det,quantile,0.975,8.4
2025-11-22,2025-11-15,-1,ca,pct wk rsv lab det,quantile,0.025,1.1
2025-11-22,2025-11-15,-1,ca,pct wk rsv lab det,quantile,0.1,1.1
2025-11-22,2025-11-15,-1,ca,pct wk rsv lab det,quantile,0.25,1.1
2025-11-22,2025-11-15,-1,ca,pct wk rsv lab det,quantile,0.5,1.1
2025-11-22,2025-11-15,-1,ca,pct wk rsv lab det,quantile,0.75,1.1
2025-11-22,2025-11-15,-1,ca,pct wk rsv lab det,quantile,0.9,1.1
2025-11-22,2025-11-15,-1,ca,pct wk rsv lab det,quantile,0.975,1.1
2025-11-22,2025-11-22,0,ca,pct wk rsv lab det,quantile,0.025,0.9
2025-11-22,2025-11-22,0,ca,pct wk rsv lab det,quantile,0.1,1
2025-11-22,2025-11-22,0,ca,pct wk rsv lab det,quantile,0.25,1.1
2025-11-22,2025-11-22,0,ca,pct wk rsv lab det,quantile,0.5,1.2
2025-11-22,2025-11-22,0,ca,pct wk rsv lab det,quantile,0.75,1.4
2025-11-22,2025-11-22,0,ca,pct wk rsv lab det,quantile,0.9,1.5
2025-11-22,2025-11-22,0,ca,pct wk rsv lab det,quantile,0.975,1.6
2025-11-22,2025-11-29,1,ca,pct wk rsv lab det,quantile,0.025,0.9
2025-11-22,2025-11-29,1,ca,pct wk rsv lab det,quantile,0.1,1.1
2025-11-22,2025-11-29,1,ca,pct wk rsv lab det,quantile,0.25,1.2
2025-11-22,2025-11-29,1,ca,pct wk rsv lab det,quantile,0.5,1.4
2025-11-22,2025-11-29,1,ca,pct wk rsv lab det,quantile,0.75,1.7
2025-11-22,2025-11-29,1,ca,pct wk rsv lab det,quantile,0.9,1.8
2025-11-22,2025-11-29,1,ca,pct wk rsv lab det,quantile,0.975,2.1
2025-11-22,2025-12-06,2,ca,pct wk rsv lab det,quantile,0.025,0.8
2025-11-22,2025-12-06,2,ca,pct wk rsv lab det,quantile,0.1,1.1
2025-11-22,2025-12-06,2,ca,pct wk rsv lab det,quantile,0.25,1.4
2025-11-22,2025-12-06,2,ca,pct wk rsv lab det,quantile,0.5,1.7
2025-11-22,2025-12-06,2,ca,pct wk rsv lab det,quantile,0.75,2
2025-11-22,2025-12-06,2,ca,pct wk rsv lab det,quantile,0.9,2.3
2025-11-22,2025-12-06,2,ca,pct wk rsv lab det,quantile,0.975,2.7
2025-11-22,2025-12-13,3,ca,pct wk rsv lab det,quantile,0.025,0.8
2025-11-22,2025-12-13,3,ca,pct wk rsv lab det,quantile,0.1,1.2
2025-11-22,2025-12-13,3,ca,pct wk rsv lab det,quantile,0.25,1.5
2025-11-22,2025-12-13,3,ca,pct wk rsv lab det,quantile,0.5,1.9
2025-11-22,2025-12-13,3,ca,pct wk rsv lab det,quantile,0.75,2.4
2025-11-22,2025-12-13,3,ca,pct wk rsv lab det,quantile,0.9,2.9
2025-11-22,2025-12-13,3,ca,pct wk rsv lab det,quantile,0.975,3.5
2025-11-22,2025-11-15,-1,ab,pct wk flu lab det,quantile,0.025,6.1
2025-11-22,2025-11-15,-1,ab,pct wk flu lab det,quantile,0.1,7.7
2025-11-22,2025-11-15,-1,ab,pct wk flu lab det,quantile,0.25,9.3
2025-11-22,2025-11-15,-1,ab,pct wk flu lab det,quantile,0.5,10.8
2025-11-22,2025-11-15,-1,ab,pct wk flu lab det,quantile,0.75,12.5
2025-11-22,2025-11-15,-1,ab,pct wk flu lab det,quantile,0.9,13.9
2025-11-22,2025-11-15,-1,ab,pct wk flu lab det,quantile,0.975,15.3
2025-11-22,2025-11-22,0,ab,pct wk flu lab det,quantile,0.025,4.8
2025-11-22,2025-11-22,0,ab,pct wk flu lab det,quantile,0.1,7.2
2025-11-22,2025-11-22,0,ab,pct wk flu lab det,quantile,0.25,9.1
2025-11-22,2025-11-22,0,ab,pct wk flu lab det,quantile,0.5,11.5
2025-11-22,2025-11-22,0,ab,pct wk flu lab det,quantile,0.75,14.1
2025-11-22,2025-11-22,0,ab,pct wk flu lab det,quantile,0.9,16.3
2025-11-22,2025-11-22,0,ab,pct wk flu lab det,quantile,0.975,19
2025-11-22,2025-11-29,1,ab,pct wk flu lab det,quantile,0.025,5.4
2025-11-22,2025-11-29,1,ab,pct wk flu lab det,quantile,0.1,8.5
2025-11-22,2025-11-29,1,ab,pct wk flu lab det,quantile,0.25,11.5
2025-11-22,2025-11-29,1,ab,pct wk flu lab det,quantile,0.5,15.2
2025-11-22,2025-11-29,1,ab,pct wk flu lab det,quantile,0.75,18.9
2025-11-22,2025-11-29,1,ab,pct wk flu lab det,quantile,0.9,23
2025-11-22,2025-11-29,1,ab,pct wk flu lab det,quantile,0.975,27.6
2025-11-22,2025-12-06,2,ab,pct wk flu lab det,quantile,0.025,6.4
2025-11-22,2025-12-06,2,ab,pct wk flu lab det,quantile,0.1,9.9
2025-11-22,2025-12-06,2,ab,pct wk flu lab det,quantile,0.25,14
2025-11-22,2025-12-06,2,ab,pct wk flu lab det,quantile,0.5,19.6
2025-11-22,2025-12-06,2,ab,pct wk flu lab det,quantile,0.75,25.6
2025-11-22,2025-12-06,2,ab,pct wk flu lab det,quantile,0.9,33
2025-11-22,2025-12-06,2,ab,pct wk flu lab det,quantile,0.975,41.9
2025-11-22,2025-12-13,3,ab,pct wk flu lab det,quantile,0.025,4.6
2025-11-22,2025-12-13,3,ab,pct wk flu lab det,quantile,0.1,10.7
2025-11-22,2025-12-13,3,ab,pct wk flu lab det,quantile,0.25,16.7
2025-11-22,2025-12-13,3,ab,pct wk flu lab det,quantile,0.5,25.3
2025-11-22,2025-12-13,3,ab,pct wk flu lab det,quantile,0.75,35
2025-11-22,2025-12-13,3,ab,pct wk flu lab det,quantile,0.9,46.9
2025-11-22,2025-12-13,3,ab,pct wk flu lab det,quantile,0.975,63
2025-11-22,2025-11-15,-1,ns,pct wk flu lab det,quantile,0.025,0
2025-11-22,2025-11-15,-1,ns,pct wk flu lab det,quantile,0.1,0
2025-11-22,2025-11-15,-1,ns,pct wk flu lab det,quantile,0.25,0
2025-11-22,2025-11-15,-1,ns,pct wk flu lab det,quantile,0.5,0.6
2025-11-22,2025-11-15,-1,ns,pct wk flu lab det,quantile,0.75,2.2
2025-11-22,2025-11-15,-1,ns,pct wk flu lab det,quantile,0.9,3.5
2025-11-22,2025-11-15,-1,ns,pct wk flu lab det,quantile,0.975,5
2025-11-22,2025-11-22,0,ns,pct wk flu lab det,quantile,0.025,0
2025-11-22,2025-11-22,0,ns,pct wk flu lab det,quantile,0.1,0
2025-11-22,2025-11-22,0,ns,pct wk flu lab det,quantile,0.25,0
2025-11-22,2025-11-22,0,ns,pct wk flu lab det,quantile,0.5,1.5
2025-11-22,2025-11-22,0,ns,pct wk flu lab det,quantile,0.75,3.4
2025-11-22,2025-11-22,0,ns,pct wk flu lab det,quantile,0.9,5
2025-11-22,2025-11-22,0,ns,pct wk flu lab det,quantile,0.975,7
2025-11-22,2025-11-29,1,ns,pct wk flu lab det,quantile,0.025,0
2025-11-22,2025-11-29,1,ns,pct wk flu lab det,quantile,0.1,0
2025-11-22,2025-11-29,1,ns,pct wk flu lab det,quantile,0.25,0
2025-11-22,2025-11-29,1,ns,pct wk flu lab det,quantile,0.5,1.9
2025-11-22,2025-11-29,1,ns,pct wk flu lab det,quantile,0.75,4.1
2025-11-22,2025-11-29,1,ns,pct wk flu lab det,quantile,0.9,6.2
2025-11-22,2025-11-29,1,ns,pct wk flu lab det,quantile,0.975,8.5
2025-11-22,2025-12-06,2,ns,pct wk flu lab det,quantile,0.025,0
2025-11-22,2025-12-06,2,ns,pct wk flu lab det,quantile,0.1,0
2025-11-22,2025-12-06,2,ns,pct wk flu lab det,quantile,0.25,0
2025-11-22,2025-12-06,2,ns,pct wk flu lab det,quantile,0.5,1.9
2025-11-22,2025-12-06,2,ns,pct wk flu lab det,quantile,0.75,4.8
2025-11-22,2025-12-06,2,ns,pct wk flu lab det,quantile,0.9,7.6
2025-11-22,2025-12-06,2,ns,pct wk flu lab det,quantile,0.975,11.4
2025-11-22,2025-12-13,3,ns,pct wk flu lab det,quantile,0.025,0
2025-11-22,2025-12-13,3,ns,pct wk flu lab det,quantile,0.1,0
2025-11-22,2025-12-13,3,ns,pct wk flu lab det,quantile,0.25,0
2025-11-22,2025-12-13,3,ns,pct wk flu lab det,quantile,0.5,2.6
2025-11-22,2025-12-13,3,ns,pct wk flu lab det,quantile,0.75,6.2
2025-11-22,2025-12-13,3,ns,pct wk flu lab det,quantile,0.9,10.8
2025-11-22,2025-12-13,3,ns,pct wk flu lab det,quantile,0.975,16.9
2025-11-22,2025-11-15,-1,nb,pct wk flu lab det,quantile,0.025,2.2
2025-11-22,2025-11-15,-1,nb,pct wk flu lab det,quantile,0.1,6.1
2025-11-22,2025-11-15,-1,nb,pct wk flu lab det,quantile,0.25,9.6
2025-11-22,2025-11-15,-1,nb,pct wk flu lab det,quantile,0.5,13.2
2025-11-22,2025-11-15,-1,nb,pct wk flu lab det,quantile,0.75,17.2
2025-11-22,2025-11-15,-1,nb,pct wk flu lab det,quantile,0.9,20.7
2025-11-22,2025-11-15,-1,nb,pct wk flu lab det,quantile,0.975,24.1
2025-11-22,2025-11-22,0,nb,pct wk flu lab det,quantile,0.025,0
2025-11-22,2025-11-22,0,nb,pct wk flu lab det,quantile,0.1,4.2
2025-11-22,2025-11-22,0,nb,pct wk flu lab det,quantile,0.25,8.4
2025-11-22,2025-11-22,0,nb,pct wk flu lab det,quantile,0.5,12.8
2025-11-22,2025-11-22,0,nb,pct wk flu lab det,quantile,0.75,18.6
2025-11-22,2025-11-22,0,nb,pct wk flu lab det,quantile,0.9,24
2025-11-22,2025-11-22,0,nb,pct wk flu lab det,quantile,0.975,30.9
2025-11-22,2025-11-29,1,nb,pct wk flu lab det,quantile,0.025,0.1
2025-11-22,2025-11-29,1,nb,pct wk flu lab det,quantile,0.1,6.2
2025-11-22,2025-11-29,1,nb,pct wk flu lab det,quantile,0.25,11
2025-11-22,2025-11-29,1,nb,pct wk flu lab det,quantile,0.5,16.8
2025-11-22,2025-11-29,1,nb,pct wk flu lab det,quantile,0.75,25.1
2025-11-22,2025-11-29,1,nb,pct wk flu lab det,quantile,0.9,33.2
2025-11-22,2025-11-29,1,nb,pct wk flu lab det,quantile,0.975,43.4
2025-11-22,2025-12-06,2,nb,pct wk flu lab det,quantile,0.025,0.1
2025-11-22,2025-12-06,2,nb,pct wk flu lab det,quantile,0.1,7.1
2025-11-22,2025-12-06,2,nb,pct wk flu lab det,quantile,0.25,12.8
2025-11-22,2025-12-06,2,nb,pct wk flu lab det,quantile,0.5,21.5
2025-11-22,2025-12-06,2,nb,pct wk flu lab det,quantile,0.75,32.8
2025-11-22,2025-12-06,2,nb,pct wk flu lab det,quantile,0.9,45.7
2025-11-22,2025-12-06,2,nb,pct wk flu lab det,quantile,0.975,63.7
2025-11-22,2025-12-13,3,nb,pct wk flu lab det,quantile,0.025,1.3
2025-11-22,2025-12-13,3,nb,pct wk flu lab det,quantile,0.1,8.6
2025-11-22,2025-12-13,3,nb,pct wk flu lab det,quantile,0.25,16.4
2025-11-22,2025-12-13,3,nb,pct wk flu lab det,quantile,0.5,28.2
2025-11-22,2025-12-13,3,nb,pct wk flu lab det,quantile,0.75,45.4
2025-11-22,2025-12-13,3,nb,pct wk flu lab det,quantile,0.9,65.7
2025-11-22,2025-12-13,3,nb,pct wk flu lab det,quantile,0.975,96.1
2025-11-22,2025-11-15,-1,atlantic,pct wk flu lab det,quantile,0.025,1.4
2025-11-22,2025-11-15,-1,atlantic,pct wk flu lab det,quantile,0.1,2.8
2025-11-22,2025-11-15,-1,atlantic,pct wk flu lab det,quantile,0.25,4.3
2025-11-22,2025-11-15,-1,atlantic,pct wk flu lab det,quantile,0.5,5.8
2025-11-22,2025-11-15,-1,atlantic,pct wk flu lab det,quantile,0.75,7.2
2025-11-22,2025-11-15,-1,atlantic,pct wk flu lab det,quantile,0.9,8.5
2025-11-22,2025-11-15,-1,atlantic,pct wk flu lab det,quantile,0.975,9.9
2025-11-22,2025-11-22,0,atlantic,pct wk flu lab det,quantile,0.025,1
2025-11-22,2025-11-22,0,atlantic,pct wk flu lab det,quantile,0.1,2.6
2025-11-22,2025-11-22,0,atlantic,pct wk flu lab det,quantile,0.25,4.2
2025-11-22,2025-11-22,0,atlantic,pct wk flu lab det,quantile,0.5,5.9
2025-11-22,2025-11-22,0,atlantic,pct wk flu lab det,quantile,0.75,7.8
2025-11-22,2025-11-22,0,atlantic,pct wk flu lab det,quantile,0.9,9.4
2025-11-22,2025-11-22,0,atlantic,pct wk flu lab det,quantile,0.975,11.6
2025-11-22,2025-11-29,1,atlantic,pct wk flu lab det,quantile,0.025,1.2
2025-11-22,2025-11-29,1,atlantic,pct wk flu lab det,quantile,0.1,3.2
2025-11-22,2025-11-29,1,atlantic,pct wk flu lab det,quantile,0.25,5.4
2025-11-22,2025-11-29,1,atlantic,pct wk flu lab det,quantile,0.5,7.7
2025-11-22,2025-11-29,1,atlantic,pct wk flu lab det,quantile,0.75,10.6
2025-11-22,2025-11-29,1,atlantic,pct wk flu lab det,quantile,0.9,13
2025-11-22,2025-11-29,1,atlantic,pct wk flu lab det,quantile,0.975,16.2
2025-11-22,2025-12-06,2,atlantic,pct wk flu lab det,quantile,0.025,1
2025-11-22,2025-12-06,2,atlantic,pct wk flu lab det,quantile,0.1,4
2025-11-22,2025-12-06,2,atlantic,pct wk flu lab det,quantile,0.25,6.4
2025-11-22,2025-12-06,2,atlantic,pct wk flu lab det,quantile,0.5,9.6
2025-11-22,2025-12-06,2,atlantic,pct wk flu lab det,quantile,0.75,13.8
2025-11-22,2025-12-06,2,atlantic,pct wk flu lab det,quantile,0.9,17.9
2025-11-22,2025-12-06,2,atlantic,pct wk flu lab det,quantile,0.975,23.1
2025-11-22,2025-12-13,3,atlantic,pct wk flu lab det,quantile,0.025,0.4
2025-11-22,2025-12-13,3,atlantic,pct wk flu lab det,quantile,0.1,4.5
2025-11-22,2025-12-13,3,atlantic,pct wk flu lab det,quantile,0.25,7.9
2025-11-22,2025-12-13,3,atlantic,pct wk flu lab det,quantile,0.5,12.4
2025-11-22,2025-12-13,3,atlantic,pct wk flu lab det,quantile,0.75,19
2025-11-22,2025-12-13,3,atlantic,pct wk flu lab det,quantile,0.9,25.6
2025-11-22,2025-12-13,3,atlantic,pct wk flu lab det,quantile,0.975,34.5
2025-11-22,2025-11-15,-1,qc,pct wk flu lab det,quantile,0.025,1.2
2025-11-22,2025-11-15,-1,qc,pct wk flu lab det,quantile,0.1,2
2025-11-22,2025-11-15,-1,qc,pct wk flu lab det,quantile,0.25,2.7
2025-11-22,2025-11-15,-1,qc,pct wk flu lab det,quantile,0.5,3.5
2025-11-22,2025-11-15,-1,qc,pct wk flu lab det,quantile,0.75,4.3
2025-11-22,2025-11-15,-1,qc,pct wk flu lab det,quantile,0.9,5
2025-11-22,2025-11-15,-1,qc,pct wk flu lab det,quantile,0.975,5.8
2025-11-22,2025-11-22,0,qc,pct wk flu lab det,quantile,0.025,1.3
2025-11-22,2025-11-22,0,qc,pct wk flu lab det,quantile,0.1,2.3
2025-11-22,2025-11-22,0,qc,pct wk flu lab det,quantile,0.25,3.1
2025-11-22,2025-11-22,0,qc,pct wk flu lab det,quantile,0.5,4.2
2025-11-22,2025-11-22,0,qc,pct wk flu lab det,quantile,0.75,5.3
2025-11-22,2025-11-22,0,qc,pct wk flu lab det,quantile,0.9,6.3
2025-11-22,2025-11-22,0,qc,pct wk flu lab det,quantile,0.975,7.5
2025-11-22,2025-11-29,1,qc,pct wk flu lab det,quantile,0.025,1.5
2025-11-22,2025-11-29,1,qc,pct wk flu lab det,quantile,0.1,2.9
2025-11-22,2025-11-29,1,qc,pct wk flu lab det,quantile,0.25,3.9
2025-11-22,2025-11-29,1,qc,pct wk flu lab det,quantile,0.5,5.3
2025-11-22,2025-11-29,1,qc,pct wk flu lab det,quantile,0.75,6.9
2025-11-22,2025-11-29,1,qc,pct wk flu lab det,quantile,0.9,8.6
2025-11-22,2025-11-29,1,qc,pct wk flu lab det,quantile,0.975,10.9
2025-11-22,2025-12-06,2,qc,pct wk flu lab det,quantile,0.025,1.6
2025-11-22,2025-12-06,2,qc,pct wk flu lab det,quantile,0.1,3.2
2025-11-22,2025-12-06,2,qc,pct wk flu lab det,quantile,0.25,4.9
2025-11-22,2025-12-06,2,qc,pct wk flu lab det,quantile,0.5,6.8
2025-11-22,2025-12-06,2,qc,pct wk flu lab det,quantile,0.75,9.3
2025-11-22,2025-12-06,2,qc,pct wk flu lab det,quantile,0.9,12.2
2025-11-22,2025-12-06,2,qc,pct wk flu lab det,quantile,0.975,16
2025-11-22,2025-12-13,3,qc,pct wk flu lab det,quantile,0.025,0.7
2025-11-22,2025-12-13,3,qc,pct wk flu lab det,quantile,0.1,3.4
2025-11-22,2025-12-13,3,qc,pct wk flu lab det,quantile,0.25,5.8
2025-11-22,2025-12-13,3,qc,pct wk flu lab det,quantile,0.5,8.5
2025-11-22,2025-12-13,3,qc,pct wk flu lab det,quantile,0.75,12.3
2025-11-22,2025-12-13,3,qc,pct wk flu lab det,quantile,0.9,16.9
2025-11-22,2025-12-13,3,qc,pct wk flu lab det,quantile,0.975,24.1
2025-11-22,2025-11-15,-1,on,pct wk flu lab det,quantile,0.025,0.1
2025-11-22,2025-11-15,-1,on,pct wk flu lab det,quantile,0.1,2
2025-11-22,2025-11-15,-1,on,pct wk flu lab det,quantile,0.25,3.5
2025-11-22,2025-11-15,-1,on,pct wk flu lab det,quantile,0.5,5.1
2025-11-22,2025-11-15,-1,on,pct wk flu lab det,quantile,0.75,6.6
2025-11-22,2025-11-15,-1,on,pct wk flu lab det,quantile,0.9,8.1
2025-11-22,2025-11-15,-1,on,pct wk flu lab det,quantile,0.975,9.6
2025-11-22,2025-11-22,0,on,pct wk flu lab det,quantile,0.025,0
2025-11-22,2025-11-22,0,on,pct wk flu lab det,quantile,0.1,1.4
2025-11-22,2025-11-22,0,on,pct wk flu lab det,quantile,0.25,3.2
2025-11-22,2025-11-22,0,on,pct wk flu lab det,quantile,0.5,5
2025-11-22,2025-11-22,0,on,pct wk flu lab det,quantile,0.75,7
2025-11-22,2025-11-22,0,on,pct wk flu lab det,quantile,0.9,9
2025-11-22,2025-11-22,0,on,pct wk flu lab det,quantile,0.975,11.2
2025-11-22,2025-11-29,1,on,pct wk flu lab det,quantile,0.025,0.4
2025-11-22,2025-11-29,1,on,pct wk flu lab det,quantile,0.1,2.2
2025-11-22,2025-11-29,1,on,pct wk flu lab det,quantile,0.25,4.3
2025-11-22,2025-11-29,1,on,pct wk flu lab det,quantile,0.5,6.5
2025-11-22,2025-11-29,1,on,pct wk flu lab det,quantile,0.75,9.1
2025-11-22,2025-11-29,1,on,pct wk flu lab det,quantile,0.9,12.2
2025-11-22,2025-11-29,1,on,pct wk flu lab det,quantile,0.975,15.9
2025-11-22,2025-12-06,2,on,pct wk flu lab det,quantile,0.025,0.4
2025-11-22,2025-12-06,2,on,pct wk flu lab det,quantile,0.1,2.9
2025-11-22,2025-12-06,2,on,pct wk flu lab det,quantile,0.25,5.2
2025-11-22,2025-12-06,2,on,pct wk flu lab det,quantile,0.5,8.2
2025-11-22,2025-12-06,2,on,pct wk flu lab det,quantile,0.75,11.8
2025-11-22,2025-12-06,2,on,pct wk flu lab det,quantile,0.9,16.8
2025-11-22,2025-12-06,2,on,pct wk flu lab det,quantile,0.975,22.5
2025-11-22,2025-12-13,3,on,pct wk flu lab det,quantile,0.025,0.2
2025-11-22,2025-12-13,3,on,pct wk flu lab det,quantile,0.1,3.2
2025-11-22,2025-12-13,3,on,pct wk flu lab det,quantile,0.25,6.3
2025-11-22,2025-12-13,3,on,pct wk flu lab det,quantile,0.5,10.4
2025-11-22,2025-12-13,3,on,pct wk flu lab det,quantile,0.75,16
2025-11-22,2025-12-13,3,on,pct wk flu lab det,quantile,0.9,23.3
2025-11-22,2025-12-13,3,on,pct wk flu lab det,quantile,0.975,33.6
2025-11-22,2025-11-15,-1,sk,pct wk flu lab det,quantile,0.025,3.2
2025-11-22,2025-11-15,-1,sk,pct wk flu lab det,quantile,0.1,4.5
2025-11-22,2025-11-15,-1,sk,pct wk flu lab det,quantile,0.25,5.5
2025-11-22,2025-11-15,-1,sk,pct wk flu lab det,quantile,0.5,6.8
2025-11-22,2025-11-15,-1,sk,pct wk flu lab det,quantile,0.75,8
2025-11-22,2025-11-15,-1,sk,pct wk flu lab det,quantile,0.9,9
2025-11-22,2025-11-15,-1,sk,pct wk flu lab det,quantile,0.975,10
2025-11-22,2025-11-22,0,sk,pct wk flu lab det,quantile,0.025,3.3
2025-11-22,2025-11-22,0,sk,pct wk flu lab det,quantile,0.1,5.2
2025-11-22,2025-11-22,0,sk,pct wk flu lab det,quantile,0.25,6.8
2025-11-22,2025-11-22,0,sk,pct wk flu lab det,quantile,0.5,8.7
2025-11-22,2025-11-22,0,sk,pct wk flu lab det,quantile,0.75,10.4
2025-11-22,2025-11-22,0,sk,pct wk flu lab det,quantile,0.9,12.2
2025-11-22,2025-11-22,0,sk,pct wk flu lab det,quantile,0.975,14.2
2025-11-22,2025-11-29,1,sk,pct wk flu lab det,quantile,0.025,3.9
2025-11-22,2025-11-29,1,sk,pct wk flu lab det,quantile,0.1,6.2
2025-11-22,2025-11-29,1,sk,pct wk flu lab det,quantile,0.25,8.7
2025-11-22,2025-11-29,1,sk,pct wk flu lab det,quantile,0.5,11.2
2025-11-22,2025-11-29,1,sk,pct wk flu lab det,quantile,0.75,13.8
2025-11-22,2025-11-29,1,sk,pct wk flu lab det,quantile,0.9,16.8
2025-11-22,2025-11-29,1,sk,pct wk flu lab det,quantile,0.975,20
2025-11-22,2025-12-06,2,sk,pct wk flu lab det,quantile,0.025,3.6
2025-11-22,2025-12-06,2,sk,pct wk flu lab det,quantile,0.1,7.3
2025-11-22,2025-12-06,2,sk,pct wk flu lab det,quantile,0.25,10.4
2025-11-22,2025-12-06,2,sk,pct wk flu lab det,quantile,0.5,14.6
2025-11-22,2025-12-06,2,sk,pct wk flu lab det,quantile,0.75,19
2025-11-22,2025-12-06,2,sk,pct wk flu lab det,quantile,0.9,24
2025-11-22,2025-12-06,2,sk,pct wk flu lab det,quantile,0.975,29.6
2025-11-22,2025-12-13,3,sk,pct wk flu lab det,quantile,0.025,1.7
2025-11-22,2025-12-13,3,sk,pct wk flu lab det,quantile,0.1,7.4
2025-11-22,2025-12-13,3,sk,pct wk flu lab det,quantile,0.25,12.3
2025-11-22,2025-12-13,3,sk,pct wk flu lab det,quantile,0.5,18.5
2025-11-22,2025-12-13,3,sk,pct wk flu lab det,quantile,0.75,25.7
2025-11-22,2025-12-13,3,sk,pct wk flu lab det,quantile,0.9,33.6
2025-11-22,2025-12-13,3,sk,pct wk flu lab det,quantile,0.975,44.2
2025-11-22,2025-11-15,-1,prairies,pct wk flu lab det,quantile,0.025,4.1
2025-11-22,2025-11-15,-1,prairies,pct wk flu lab det,quantile,0.1,5.8
2025-11-22,2025-11-15,-1,prairies,pct wk flu lab det,quantile,0.25,7.4
2025-11-22,2025-11-15,-1,prairies,pct wk flu lab det,quantile,0.5,9.1
2025-11-22,2025-11-15,-1,prairies,pct wk flu lab det,quantile,0.75,10.6
2025-11-22,2025-11-15,-1,prairies,pct wk flu lab det,quantile,0.9,12
2025-11-22,2025-11-15,-1,prairies,pct wk flu lab det,quantile,0.975,13.7
2025-11-22,2025-11-22,0,prairies,pct wk flu lab det,quantile,0.025,2.7
2025-11-22,2025-11-22,0,prairies,pct wk flu lab det,quantile,0.1,5.5
2025-11-22,2025-11-22,0,prairies,pct wk flu lab det,quantile,0.25,7.6
2025-11-22,2025-11-22,0,prairies,pct wk flu lab det,quantile,0.5,9.8
2025-11-22,2025-11-22,0,prairies,pct wk flu lab det,quantile,0.75,12.1
2025-11-22,2025-11-22,0,prairies,pct wk flu lab det,quantile,0.9,14.3
2025-11-22,2025-11-22,0,prairies,pct wk flu lab det,quantile,0.975,16.7
2025-11-22,2025-11-29,1,prairies,pct wk flu lab det,quantile,0.025,3.9
2025-11-22,2025-11-29,1,prairies,pct wk flu lab det,quantile,0.1,7.1
2025-11-22,2025-11-29,1,prairies,pct wk flu lab det,quantile,0.25,9.6
2025-11-22,2025-11-29,1,prairies,pct wk flu lab det,quantile,0.5,12.9
2025-11-22,2025-11-29,1,prairies,pct wk flu lab det,quantile,0.75,16.2
2025-11-22,2025-11-29,1,prairies,pct wk flu lab det,quantile,0.9,19.9
2025-11-22,2025-11-29,1,prairies,pct wk flu lab det,quantile,0.975,24.5
2025-11-22,2025-12-06,2,prairies,pct wk flu lab det,quantile,0.025,4.4
2025-11-22,2025-12-06,2,prairies,pct wk flu lab det,quantile,0.1,8.4
2025-11-22,2025-12-06,2,prairies,pct wk flu lab det,quantile,0.25,11.9
2025-11-22,2025-12-06,2,prairies,pct wk flu lab det,quantile,0.5,16.3
2025-11-22,2025-12-06,2,prairies,pct wk flu lab det,quantile,0.75,22
2025-11-22,2025-12-06,2,prairies,pct wk flu lab det,quantile,0.9,28
2025-11-22,2025-12-06,2,prairies,pct wk flu lab det,quantile,0.975,36
2025-11-22,2025-12-13,3,prairies,pct wk flu lab det,quantile,0.025,2.5
2025-11-22,2025-12-13,3,prairies,pct wk flu lab det,quantile,0.1,8.9
2025-11-22,2025-12-13,3,prairies,pct wk flu lab det,quantile,0.25,14.3
2025-11-22,2025-12-13,3,prairies,pct wk flu lab det,quantile,0.5,21
2025-11-22,2025-12-13,3,prairies,pct wk flu lab det,quantile,0.75,30
2025-11-22,2025-12-13,3,prairies,pct wk flu lab det,quantile,0.9,40.6
2025-11-22,2025-12-13,3,prairies,pct wk flu lab det,quantile,0.975,54.1
2025-11-22,2025-11-15,-1,bc,pct wk flu lab det,quantile,0.025,1.2
2025-11-22,2025-11-15,-1,bc,pct wk flu lab det,quantile,0.1,2.3
2025-11-22,2025-11-15,-1,bc,pct wk flu lab det,quantile,0.25,3.2
2025-11-22,2025-11-15,-1,bc,pct wk flu lab det,quantile,0.5,4.1
2025-11-22,2025-11-15,-1,bc,pct wk flu lab det,quantile,0.75,5
2025-11-22,2025-11-15,-1,bc,pct wk flu lab det,quantile,0.9,6
2025-11-22,2025-11-15,-1,bc,pct wk flu lab det,quantile,0.975,7.1
2025-11-22,2025-11-22,0,bc,pct wk flu lab det,quantile,0.025,0.4
2025-11-22,2025-11-22,0,bc,pct wk flu lab det,quantile,0.1,2.6
2025-11-22,2025-11-22,0,bc,pct wk flu lab det,quantile,0.25,4
2025-11-22,2025-11-22,0,bc,pct wk flu lab det,quantile,0.5,5.4
2025-11-22,2025-11-22,0,bc,pct wk flu lab det,quantile,0.75,6.9
2025-11-22,2025-11-22,0,bc,pct wk flu lab det,quantile,0.9,8.2
2025-11-22,2025-11-22,0,bc,pct wk flu lab det,quantile,0.975,9.8
2025-11-22,2025-11-29,1,bc,pct wk flu lab det,quantile,0.025,1
2025-11-22,2025-11-29,1,bc,pct wk flu lab det,quantile,0.1,3.2
2025-11-22,2025-11-29,1,bc,pct wk flu lab det,quantile,0.25,4.9
2025-11-22,2025-11-29,1,bc,pct wk flu lab det,quantile,0.5,6.5
2025-11-22,2025-11-29,1,bc,pct wk flu lab det,quantile,0.75,8.6
2025-11-22,2025-11-29,1,bc,pct wk flu lab det,quantile,0.9,10.7
2025-11-22,2025-11-29,1,bc,pct wk flu lab det,quantile,0.975,12.9
2025-11-22,2025-12-06,2,bc,pct wk flu lab det,quantile,0.025,0
2025-11-22,2025-12-06,2,bc,pct wk flu lab det,quantile,0.1,3.4
2025-11-22,2025-12-06,2,bc,pct wk flu lab det,quantile,0.25,5.8
2025-11-22,2025-12-06,2,bc,pct wk flu lab det,quantile,0.5,8.4
2025-11-22,2025-12-06,2,bc,pct wk flu lab det,quantile,0.75,11.7
2025-11-22,2025-12-06,2,bc,pct wk flu lab det,quantile,0.9,15
2025-11-22,2025-12-06,2,bc,pct wk flu lab det,quantile,0.975,19.3
2025-11-22,2025-12-13,3,bc,pct wk flu lab det,quantile,0.025,0
2025-11-22,2025-12-13,3,bc,pct wk flu lab det,quantile,0.1,3.4
2025-11-22,2025-12-13,3,bc,pct wk flu lab det,quantile,0.25,6.9
2025-11-22,2025-12-13,3,bc,pct wk flu lab det,quantile,0.5,10.7
2025-11-22,2025-12-13,3,bc,pct wk flu lab det,quantile,0.75,15.6
2025-11-22,2025-12-13,3,bc,pct wk flu lab det,quantile,0.9,20.6
2025-11-22,2025-12-13,3,bc,pct wk flu lab det,quantile,0.975,27.4
2025-11-22,2025-11-15,-1,ca,pct wk flu lab det,quantile,0.025,2
2025-11-22,2025-11-15,-1,ca,pct wk flu lab det,quantile,0.1,3.3
2025-11-22,2025-11-15,-1,ca,pct wk flu lab det,quantile,0.25,4.4
2025-11-22,2025-11-15,-1,ca,pct wk flu lab det,quantile,0.5,5.5
2025-11-22,2025-11-15,-1,ca,pct wk flu lab det,quantile,0.75,6.6
2025-11-22,2025-11-15,-1,ca,pct wk flu lab det,quantile,0.9,7.6
2025-11-22,2025-11-15,-1,ca,pct wk flu lab det,quantile,0.975,8.7
2025-11-22,2025-11-22,0,ca,pct wk flu lab det,quantile,0.025,1.6
2025-11-22,2025-11-22,0,ca,pct wk flu lab det,quantile,0.1,3.3
2025-11-22,2025-11-22,0,ca,pct wk flu lab det,quantile,0.25,4.7
2025-11-22,2025-11-22,0,ca,pct wk flu lab det,quantile,0.5,6.1
2025-11-22,2025-11-22,0,ca,pct wk flu lab det,quantile,0.75,7.6
2025-11-22,2025-11-22,0,ca,pct wk flu lab det,quantile,0.9,9.1
2025-11-22,2025-11-22,0,ca,pct wk flu lab det,quantile,0.975,11.2
2025-11-22,2025-11-29,1,ca,pct wk flu lab det,quantile,0.025,2.2
2025-11-22,2025-11-29,1,ca,pct wk flu lab det,quantile,0.1,4.1
2025-11-22,2025-11-29,1,ca,pct wk flu lab det,quantile,0.25,5.8
2025-11-22,2025-11-29,1,ca,pct wk flu lab det,quantile,0.5,7.8
2025-11-22,2025-11-29,1,ca,pct wk flu lab det,quantile,0.75,10.1
2025-11-22,2025-11-29,1,ca,pct wk flu lab det,quantile,0.9,12.5
2025-11-22,2025-11-29,1,ca,pct wk flu lab det,quantile,0.975,15.8
2025-11-22,2025-12-06,2,ca,pct wk flu lab det,quantile,0.025,2.3
2025-11-22,2025-12-06,2,ca,pct wk flu lab det,quantile,0.1,4.8
2025-11-22,2025-12-06,2,ca,pct wk flu lab det,quantile,0.25,7
2025-11-22,2025-12-06,2,ca,pct wk flu lab det,quantile,0.5,10
2025-11-22,2025-12-06,2,ca,pct wk flu lab det,quantile,0.75,13.5
2025-11-22,2025-12-06,2,ca,pct wk flu lab det,quantile,0.9,17.9
2025-11-22,2025-12-06,2,ca,pct wk flu lab det,quantile,0.975,22.7
2025-11-22,2025-12-13,3,ca,pct wk flu lab det,quantile,0.025,1.5
2025-11-22,2025-12-13,3,ca,pct wk flu lab det,quantile,0.1,5
2025-11-22,2025-12-13,3,ca,pct wk flu lab det,quantile,0.25,8.3
2025-11-22,2025-12-13,3,ca,pct wk flu lab det,quantile,0.5,12.9
2025-11-22,2025-12-13,3,ca,pct wk flu lab det,quantile,0.75,18.3
2025-11-22,2025-12-13,3,ca,pct wk flu lab det,quantile,0.9,25.5
2025-11-22,2025-12-13,3,ca,pct wk flu lab det,quantile,0.975,34.3