"location","horizon","reference_date","target_end_date","target","output_type_id","value","output_type"
"ab",0,2025-01-18,2025-01-18,"pct wk covid lab det","0.025",3.03625,"quantile"
"ab",0,2025-01-18,2025-01-18,"pct wk covid lab det","0.975",7.42375,"quantile"
"ab",1,2025-01-18,2025-01-25,"pct wk covid lab det","0.025",2.1202056595566,"quantile"
"ab",1,2025-01-18,2025-01-25,"pct wk covid lab det","0.975",8.32693243932439,"quantile"
"ab",2,2025-01-18,2025-02-01,"pct wk covid lab det","0.025",1.42864901149012,"quantile"
"ab",2,2025-01-18,2025-02-01,"pct wk covid lab det","0.975",9.04234250342503,"quantile"
"ab",3,2025-01-18,2025-02-08,"pct wk covid lab det","0.025",0.813968422184221,"quantile"
"ab",3,2025-01-18,2025-02-08,"pct wk covid lab det","0.975",9.64943431934319,"quantile"
"atlantic",0,2025-01-18,2025-01-18,"pct wk covid lab det","0.025",2.88025,"quantile"
"atlantic",0,2025-01-18,2025-01-18,"pct wk covid lab det","0.975",10.41975,"quantile"
"atlantic",1,2025-01-18,2025-01-25,"pct wk covid lab det","0.025",1.41148496234962,"quantile"
"atlantic",1,2025-01-18,2025-01-25,"pct wk covid lab det","0.975",11.8841193061931,"quantile"
"atlantic",2,2025-01-18,2025-02-01,"pct wk covid lab det","0.025",0.331952627026271,"quantile"
"atlantic",2,2025-01-18,2025-02-01,"pct wk covid lab det","0.975",12.9738168156682,"quantile"
"atlantic",3,2025-01-18,2025-02-08,"pct wk covid lab det","0.025",0,"quantile"
"atlantic",3,2025-01-18,2025-02-08,"pct wk covid lab det","0.975",13.9123356483565,"quantile"
"bc",0,2025-01-18,2025-01-18,"pct wk covid lab det","0.025",1.28575,"quantile"
"bc",0,2025-01-18,2025-01-18,"pct wk covid lab det","0.975",7.55424999999999,"quantile"
"bc",1,2025-01-18,2025-01-25,"pct wk covid lab det","0.025",0.0295684381843824,"quantile"
"bc",1,2025-01-18,2025-01-25,"pct wk covid lab det","0.975",8.83656328563286,"quantile"
"bc",2,2025-01-18,2025-02-01,"pct wk covid lab det","0.025",0,"quantile"
"bc",2,2025-01-18,2025-02-01,"pct wk covid lab det","0.975",9.84222097720978,"quantile"
"bc",3,2025-01-18,2025-02-08,"pct wk covid lab det","0.025",0,"quantile"
"bc",3,2025-01-18,2025-02-08,"pct wk covid lab det","0.975",10.6842514725147,"quantile"
"ca",0,2025-01-18,2025-01-18,"pct wk covid lab det","0.025",6.7335,"quantile"
"ca",0,2025-01-18,2025-01-18,"pct wk covid lab det","0.975",10.2265,"quantile"
"ca",1,2025-01-18,2025-01-25,"pct wk covid lab det","0.025",6.05905382803828,"quantile"
"ca",1,2025-01-18,2025-01-25,"pct wk covid lab det","0.975",10.9125583230832,"quantile"
"ca",2,2025-01-18,2025-02-01,"pct wk covid lab det","0.025",5.52232172821728,"quantile"
"ca",2,2025-01-18,2025-02-01,"pct wk covid lab det","0.975",11.4550868808688,"quantile"
"ca",3,2025-01-18,2025-02-08,"pct wk covid lab det","0.025",5.05852381273813,"quantile"
"ca",3,2025-01-18,2025-02-08,"pct wk covid lab det","0.975",11.9291307813078,"quantile"
"mb",0,2025-01-18,2025-01-18,"pct wk covid lab det","0.025",0.569999999999999,"quantile"
"mb",0,2025-01-18,2025-01-18,"pct wk covid lab det","0.975",7.97,"quantile"
"mb",1,2025-01-18,2025-01-25,"pct wk covid lab det","0.025",0,"quantile"
"mb",1,2025-01-18,2025-01-25,"pct wk covid lab det","0.975",9.74848326233261,"quantile"
"mb",2,2025-01-18,2025-02-01,"pct wk covid lab det","0.025",0,"quantile"
"mb",2,2025-01-18,2025-02-01,"pct wk covid lab det","0.975",11.0286872243722,"quantile"
"mb",3,2025-01-18,2025-02-08,"pct wk covid lab det","0.025",0,"quantile"
"mb",3,2025-01-18,2025-02-08,"pct wk covid lab det","0.975",12.0415802083021,"quantile"
"nb",0,2025-01-18,2025-01-18,"pct wk covid lab det","0.025",1.1815,"quantile"
"nb",0,2025-01-18,2025-01-18,"pct wk covid lab det","0.975",9.0985,"quantile"
"nb",1,2025-01-18,2025-01-25,"pct wk covid lab det","0.025",0.272684929349295,"quantile"
"nb",1,2025-01-18,2025-01-25,"pct wk covid lab det","0.975",10.0338954189542,"quantile"
"nb",2,2025-01-18,2025-02-01,"pct wk covid lab det","0.025",0,"quantile"
"nb",2,2025-01-18,2025-02-01,"pct wk covid lab det","0.975",11.0213965214652,"quantile"
"nb",3,2025-01-18,2025-02-08,"pct wk covid lab det","0.025",0,"quantile"
"nb",3,2025-01-18,2025-02-08,"pct wk covid lab det","0.975",11.9141500090001,"quantile"
"nl",0,2025-01-18,2025-01-18,"pct wk covid lab det","0.025",0.519,"quantile"
"nl",0,2025-01-18,2025-01-18,"pct wk covid lab det","0.975",11.701,"quantile"
"nl",1,2025-01-18,2025-01-25,"pct wk covid lab det","0.025",0,"quantile"
"nl",1,2025-01-18,2025-01-25,"pct wk covid lab det","0.975",13.6637125146251,"quantile"
"nl",2,2025-01-18,2025-02-01,"pct wk covid lab det","0.025",0,"quantile"
"nl",2,2025-01-18,2025-02-01,"pct wk covid lab det","0.975",15.4395917334173,"quantile"
"nl",3,2025-01-18,2025-02-08,"pct wk covid lab det","0.025",0,"quantile"
"nl",3,2025-01-18,2025-02-08,"pct wk covid lab det","0.975",16.8275309603096,"quantile"
"ns",0,2025-01-18,2025-01-18,"pct wk covid lab det","0.025",4.6475,"quantile"
"ns",0,2025-01-18,2025-01-18,"pct wk covid lab det","0.975",12.5525,"quantile"
"ns",1,2025-01-18,2025-01-25,"pct wk covid lab det","0.025",2.54857236572366,"quantile"
"ns",1,2025-01-18,2025-01-25,"pct wk covid lab det","0.975",14.6418271132711,"quantile"
"ns",2,2025-01-18,2025-02-01,"pct wk covid lab det","0.025",1.10513275382754,"quantile"
"ns",2,2025-01-18,2025-02-01,"pct wk covid lab det","0.975",16.027311600616,"quantile"
"ns",3,2025-01-18,2025-02-08,"pct wk covid lab det","0.025",0,"quantile"
"ns",3,2025-01-18,2025-02-08,"pct wk covid lab det","0.975",17.1539517870179,"quantile"
"nt",0,2025-01-18,2025-01-18,"pct wk covid lab det","0.025",0,"quantile"
"nt",0,2025-01-18,2025-01-18,"pct wk covid lab det","0.975",17.652,"quantile"
"nt",1,2025-01-18,2025-01-25,"pct wk covid lab det","0.025",0,"quantile"
"nt",1,2025-01-18,2025-01-25,"pct wk covid lab det","0.975",20.9177909854098,"quantile"
"nt",2,2025-01-18,2025-02-01,"pct wk covid lab det","0.025",0,"quantile"
"nt",2,2025-01-18,2025-02-01,"pct wk covid lab det","0.975",25.80148301233,"quantile"
"nt",3,2025-01-18,2025-02-08,"pct wk covid lab det","0.025",0,"quantile"
"nt",3,2025-01-18,2025-02-08,"pct wk covid lab det","0.975",30.2369986974869,"quantile"
"nu",0,2025-01-18,2025-01-18,"pct wk covid lab det","0.025",0,"quantile"
"nu",0,2025-01-18,2025-01-18,"pct wk covid lab det","0.975",11.849,"quantile"
"nu",1,2025-01-18,2025-01-25,"pct wk covid lab det","0.025",0,"quantile"
"nu",1,2025-01-18,2025-01-25,"pct wk covid lab det","0.975",15.4245740632406,"quantile"
"nu",2,2025-01-18,2025-02-01,"pct wk covid lab det","0.025",0,"quantile"
"nu",2,2025-01-18,2025-02-01,"pct wk covid lab det","0.975",17.8656005285053,"quantile"
"nu",3,2025-01-18,2025-02-08,"pct wk covid lab det","0.025",0,"quantile"
"nu",3,2025-01-18,2025-02-08,"pct wk covid lab det","0.975",19.8433807663077,"quantile"
"on",0,2025-01-18,2025-01-18,"pct wk covid lab det","0.025",10.58225,"quantile"
"on",0,2025-01-18,2025-01-18,"pct wk covid lab det","0.975",16.33775,"quantile"
"on",1,2025-01-18,2025-01-25,"pct wk covid lab det","0.025",9.61094676446764,"quantile"
"on",1,2025-01-18,2025-01-25,"pct wk covid lab det","0.975",17.3110334403344,"quantile"
"on",2,2025-01-18,2025-02-01,"pct wk covid lab det","0.025",8.71420744207443,"quantile"
"on",2,2025-01-18,2025-02-01,"pct wk covid lab det","0.975",18.1499115916159,"quantile"
"on",3,2025-01-18,2025-02-08,"pct wk covid lab det","0.025",8.00886221362214,"quantile"
"on",3,2025-01-18,2025-02-08,"pct wk covid lab det","0.975",18.9249809923099,"quantile"
"pe",0,2025-01-18,2025-01-18,"pct wk covid lab det","0.025",0,"quantile"
"pe",0,2025-01-18,2025-01-18,"pct wk covid lab det","0.975",11.9655,"quantile"
"pe",1,2025-01-18,2025-01-25,"pct wk covid lab det","0.025",0,"quantile"
"pe",1,2025-01-18,2025-01-25,"pct wk covid lab det","0.975",15.3190658806588,"quantile"
"pe",2,2025-01-18,2025-02-01,"pct wk covid lab det","0.025",0,"quantile"
"pe",2,2025-01-18,2025-02-01,"pct wk covid lab det","0.975",17.8100656556565,"quantile"
"pe",3,2025-01-18,2025-02-08,"pct wk covid lab det","0.025",0,"quantile"
"pe",3,2025-01-18,2025-02-08,"pct wk covid lab det","0.975",20.0234228767288,"quantile"
"prairies",0,2025-01-18,2025-01-18,"pct wk covid lab det","0.025",3.17,"quantile"
"prairies",0,2025-01-18,2025-01-18,"pct wk covid lab det","0.975",6.63,"quantile"
"prairies",1,2025-01-18,2025-01-25,"pct wk covid lab det","0.025",2.32984314343143,"quantile"
"prairies",1,2025-01-18,2025-01-25,"pct wk covid lab det","0.975",7.47938747137471,"quantile"
"prairies",2,2025-01-18,2025-02-01,"pct wk covid lab det","0.025",1.72700412504125,"quantile"
"prairies",2,2025-01-18,2025-02-01,"pct wk covid lab det","0.975",8.07074434744347,"quantile"
"prairies",3,2025-01-18,2025-02-08,"pct wk covid lab det","0.025",1.21657675326753,"quantile"
"prairies",3,2025-01-18,2025-02-08,"pct wk covid lab det","0.975",8.56410608356083,"quantile"
"qc",0,2025-01-18,2025-01-18,"pct wk covid lab det","0.025",6.41575,"quantile"
"qc",0,2025-01-18,2025-01-18,"pct wk covid lab det","0.975",11.38425,"quantile"
"qc",1,2025-01-18,2025-01-25,"pct wk covid lab det","0.025",5.5325430604306,"quantile"
"qc",1,2025-01-18,2025-01-25,"pct wk covid lab det","0.975",12.2741303713037,"quantile"
"qc",2,2025-01-18,2025-02-01,"pct wk covid lab det","0.025",4.78697004470045,"quantile"
"qc",2,2025-01-18,2025-02-01,"pct wk covid lab det","0.975",13.0485610206102,"quantile"
"qc",3,2025-01-18,2025-02-08,"pct wk covid lab det","0.025",4.13370510705107,"quantile"
"qc",3,2025-01-18,2025-02-08,"pct wk covid lab det","0.975",13.6573147206472,"quantile"
"sk",0,2025-01-18,2025-01-18,"pct wk covid lab det","0.025",1.089,"quantile"
"sk",0,2025-01-18,2025-01-18,"pct wk covid lab det","0.975",7.33099999999999,"quantile"
"sk",1,2025-01-18,2025-01-25,"pct wk covid lab det","0.025",0.0614459994599942,"quantile"
"sk",1,2025-01-18,2025-01-25,"pct wk covid lab det","0.975",8.33724860748607,"quantile"
"sk",2,2025-01-18,2025-02-01,"pct wk covid lab det","0.025",0,"quantile"
"sk",2,2025-01-18,2025-02-01,"pct wk covid lab det","0.975",9.28898682236822,"quantile"
"sk",3,2025-01-18,2025-02-08,"pct wk covid lab det","0.025",0,"quantile"
"sk",3,2025-01-18,2025-02-08,"pct wk covid lab det","0.975",10.0891769142691,"quantile"
"territories",0,2025-01-18,2025-01-18,"pct wk covid lab det","0.025",0,"quantile"
"territories",0,2025-01-18,2025-01-18,"pct wk covid lab det","0.975",9.81924999999998,"quantile"
"territories",1,2025-01-18,2025-01-25,"pct wk covid lab det","0.025",0,"quantile"
"territories",1,2025-01-18,2025-01-25,"pct wk covid lab det","0.975",12.1131016910169,"quantile"
"territories",2,2025-01-18,2025-02-01,"pct wk covid lab det","0.025",0,"quantile"
"territories",2,2025-01-18,2025-02-01,"pct wk covid lab det","0.975",13.9093365308653,"quantile"
"territories",3,2025-01-18,2025-02-08,"pct wk covid lab det","0.025",0,"quantile"
"territories",3,2025-01-18,2025-02-08,"pct wk covid lab det","0.975",15.5262348398484,"quantile"
"yk",0,2025-01-18,2025-01-18,"pct wk covid lab det","0.025",0,"quantile"
"yk",0,2025-01-18,2025-01-18,"pct wk covid lab det","0.975",18.30375,"quantile"
"yk",1,2025-01-18,2025-01-25,"pct wk covid lab det","0.025",0,"quantile"
"yk",1,2025-01-18,2025-01-25,"pct wk covid lab det","0.975",22.0714129441294,"quantile"
"yk",2,2025-01-18,2025-02-01,"pct wk covid lab det","0.025",0,"quantile"
"yk",2,2025-01-18,2025-02-01,"pct wk covid lab det","0.975",25.8502692901929,"quantile"
"yk",3,2025-01-18,2025-02-08,"pct wk covid lab det","0.025",0,"quantile"
"yk",3,2025-01-18,2025-02-08,"pct wk covid lab det","0.975",29.3568034455345,"quantile"
"ab",0,2025-01-18,2025-01-18,"pct wk rsv lab det","0.025",8.034,"quantile"
"ab",0,2025-01-18,2025-01-18,"pct wk rsv lab det","0.975",14.266,"quantile"
"ab",1,2025-01-18,2025-01-25,"pct wk rsv lab det","0.025",6.62094983199832,"quantile"
"ab",1,2025-01-18,2025-01-25,"pct wk rsv lab det","0.975",15.7012224822248,"quantile"
"ab",2,2025-01-18,2025-02-01,"pct wk rsv lab det","0.025",5.23422942729427,"quantile"
"ab",2,2025-01-18,2025-02-01,"pct wk rsv lab det","0.975",17.0433759412594,"quantile"
"ab",3,2025-01-18,2025-02-08,"pct wk rsv lab det","0.025",4.69244917199172,"quantile"
"ab",3,2025-01-18,2025-02-08,"pct wk rsv lab det","0.975",17.6172455524555,"quantile"
"atlantic",0,2025-01-18,2025-01-18,"pct wk rsv lab det","0.025",6.55625,"quantile"
"atlantic",0,2025-01-18,2025-01-18,"pct wk rsv lab det","0.975",11.52375,"quantile"
"atlantic",1,2025-01-18,2025-01-25,"pct wk rsv lab det","0.025",4.93361344863448,"quantile"
"atlantic",1,2025-01-18,2025-01-25,"pct wk rsv lab det","0.975",13.0990381928819,"quantile"
"atlantic",2,2025-01-18,2025-02-01,"pct wk rsv lab det","0.025",4.32002777277773,"quantile"
"atlantic",2,2025-01-18,2025-02-01,"pct wk rsv lab det","0.975",13.7783529785298,"quantile"
"atlantic",3,2025-01-18,2025-02-08,"pct wk rsv lab det","0.025",3.81007225822258,"quantile"
"atlantic",3,2025-01-18,2025-02-08,"pct wk rsv lab det","0.975",14.2903941214412,"quantile"
"bc",0,2025-01-18,2025-01-18,"pct wk rsv lab det","0.025",7.3375,"quantile"
"bc",0,2025-01-18,2025-01-18,"pct wk rsv lab det","0.975",11.5625,"quantile"
"bc",1,2025-01-18,2025-01-25,"pct wk rsv lab det","0.025",6.74435000600006,"quantile"
"bc",1,2025-01-18,2025-01-25,"pct wk rsv lab det","0.975",12.1530722107221,"quantile"
"bc",2,2025-01-18,2025-02-01,"pct wk rsv lab det","0.025",6.21969858198582,"quantile"
"bc",2,2025-01-18,2025-02-01,"pct wk rsv lab det","0.975",12.677026100261,"quantile"
"bc",3,2025-01-18,2025-02-08,"pct wk rsv lab det","0.025",5.80996088710887,"quantile"
"bc",3,2025-01-18,2025-02-08,"pct wk rsv lab det","0.975",13.0687190521905,"quantile"
"ca",0,2025-01-18,2025-01-18,"pct wk rsv lab det","0.025",7.63125,"quantile"
"ca",0,2025-01-18,2025-01-18,"pct wk rsv lab det","0.975",10.46875,"quantile"
"ca",1,2025-01-18,2025-01-25,"pct wk rsv lab det","0.025",7.18458209582096,"quantile"
"ca",1,2025-01-18,2025-01-25,"pct wk rsv lab det","0.975",10.9232288597886,"quantile"
"ca",2,2025-01-18,2025-02-01,"pct wk rsv lab det","0.025",6.83386752617526,"quantile"
"ca",2,2025-01-18,2025-02-01,"pct wk rsv lab det","0.975",11.2771019135191,"quantile"
"ca",3,2025-01-18,2025-02-08,"pct wk rsv lab det","0.025",6.53584525345253,"quantile"
"ca",3,2025-01-18,2025-02-08,"pct wk rsv lab det","0.975",11.5659622846228,"quantile"
"mb",0,2025-01-18,2025-01-18,"pct wk rsv lab det","0.025",3.831,"quantile"
"mb",0,2025-01-18,2025-01-18,"pct wk rsv lab det","0.975",8.909,"quantile"
"mb",1,2025-01-18,2025-01-25,"pct wk rsv lab det","0.025",2.32635938859389,"quantile"
"mb",1,2025-01-18,2025-01-25,"pct wk rsv lab det","0.975",10.4412961254613,"quantile"
"mb",2,2025-01-18,2025-02-01,"pct wk rsv lab det","0.025",1.34339805148052,"quantile"
"mb",2,2025-01-18,2025-02-01,"pct wk rsv lab det","0.975",11.4198436234363,"quantile"
"mb",3,2025-01-18,2025-02-08,"pct wk rsv lab det","0.025",0.477043110431102,"quantile"
"mb",3,2025-01-18,2025-02-08,"pct wk rsv lab det","0.975",12.443404306543,"quantile"
"nb",0,2025-01-18,2025-01-18,"pct wk rsv lab det","0.025",7.28125,"quantile"
"nb",0,2025-01-18,2025-01-18,"pct wk rsv lab det","0.975",14.73875,"quantile"
"nb",1,2025-01-18,2025-01-25,"pct wk rsv lab det","0.025",4.32010752857529,"quantile"
"nb",1,2025-01-18,2025-01-25,"pct wk rsv lab det","0.975",17.5700770857708,"quantile"
"nb",2,2025-01-18,2025-02-01,"pct wk rsv lab det","0.025",3.22332908829088,"quantile"
"nb",2,2025-01-18,2025-02-01,"pct wk rsv lab det","0.975",18.7717433174332,"quantile"
"nb",3,2025-01-18,2025-02-08,"pct wk rsv lab det","0.025",2.59952034020341,"quantile"
"nb",3,2025-01-18,2025-02-08,"pct wk rsv lab det","0.975",19.3968604086041,"quantile"
"nl",0,2025-01-18,2025-01-18,"pct wk rsv lab det","0.025",0.94975,"quantile"
"nl",0,2025-01-18,2025-01-18,"pct wk rsv lab det","0.975",9.73025,"quantile"
"nl",1,2025-01-18,2025-01-25,"pct wk rsv lab det","0.025",0,"quantile"
"nl",1,2025-01-18,2025-01-25,"pct wk rsv lab det","0.975",12.4720664206642,"quantile"
"nl",2,2025-01-18,2025-02-01,"pct wk rsv lab det","0.025",0,"quantile"
"nl",2,2025-01-18,2025-02-01,"pct wk rsv lab det","0.975",13.6778168481685,"quantile"
"nl",3,2025-01-18,2025-02-08,"pct wk rsv lab det","0.025",0,"quantile"
"nl",3,2025-01-18,2025-02-08,"pct wk rsv lab det","0.975",14.7622222347223,"quantile"
"ns",0,2025-01-18,2025-01-18,"pct wk rsv lab det","0.025",4.645,"quantile"
"ns",0,2025-01-18,2025-01-18,"pct wk rsv lab det","0.975",12.055,"quantile"
"ns",1,2025-01-18,2025-01-25,"pct wk rsv lab det","0.025",3.71931859318593,"quantile"
"ns",1,2025-01-18,2025-01-25,"pct wk rsv lab det","0.975",12.968734202342,"quantile"
"ns",2,2025-01-18,2025-02-01,"pct wk rsv lab det","0.025",2.69941482164822,"quantile"
"ns",2,2025-01-18,2025-02-01,"pct wk rsv lab det","0.975",14.0357619501195,"quantile"
"ns",3,2025-01-18,2025-02-08,"pct wk rsv lab det","0.025",1.9939712497125,"quantile"
"ns",3,2025-01-18,2025-02-08,"pct wk rsv lab det","0.975",14.6912418349184,"quantile"
"nt",0,2025-01-18,2025-01-18,"pct wk rsv lab det","0.025",0,"quantile"
"nt",0,2025-01-18,2025-01-18,"pct wk rsv lab det","0.975",27.75625,"quantile"
"nt",1,2025-01-18,2025-01-25,"pct wk rsv lab det","0.025",0,"quantile"
"nt",1,2025-01-18,2025-01-25,"pct wk rsv lab det","0.975",34.2061162711627,"quantile"
"nt",2,2025-01-18,2025-02-01,"pct wk rsv lab det","0.025",0,"quantile"
"nt",2,2025-01-18,2025-02-01,"pct wk rsv lab det","0.975",36.8470890708907,"quantile"
"nt",3,2025-01-18,2025-02-08,"pct wk rsv lab det","0.025",0,"quantile"
"nt",3,2025-01-18,2025-02-08,"pct wk rsv lab det","0.975",37.9948509485095,"quantile"
"nu",0,2025-01-18,2025-01-18,"pct wk rsv lab det","0.025",0,"quantile"
"nu",0,2025-01-18,2025-01-18,"pct wk rsv lab det","0.975",10.619,"quantile"
"nu",1,2025-01-18,2025-01-25,"pct wk rsv lab det","0.025",0,"quantile"
"nu",1,2025-01-18,2025-01-25,"pct wk rsv lab det","0.975",12.7308289357894,"quantile"
"nu",2,2025-01-18,2025-02-01,"pct wk rsv lab det","0.025",0,"quantile"
"nu",2,2025-01-18,2025-02-01,"pct wk rsv lab det","0.975",15.403982304823,"quantile"
"nu",3,2025-01-18,2025-02-08,"pct wk rsv lab det","0.025",0,"quantile"
"nu",3,2025-01-18,2025-02-08,"pct wk rsv lab det","0.975",18.428272702727,"quantile"
"on",0,2025-01-18,2025-01-18,"pct wk rsv lab det","0.025",4.9675,"quantile"
"on",0,2025-01-18,2025-01-18,"pct wk rsv lab det","0.975",8.3925,"quantile"
"on",1,2025-01-18,2025-01-25,"pct wk rsv lab det","0.025",4.1287703502035,"quantile"
"on",1,2025-01-18,2025-01-25,"pct wk rsv lab det","0.975",9.22445966959669,"quantile"
"on",2,2025-01-18,2025-02-01,"pct wk rsv lab det","0.025",3.42155450304503,"quantile"
"on",2,2025-01-18,2025-02-01,"pct wk rsv lab det","0.975",9.93671722967229,"quantile"
"on",3,2025-01-18,2025-02-08,"pct wk rsv lab det","0.025",3.0767463099631,"quantile"
"on",3,2025-01-18,2025-02-08,"pct wk rsv lab det","0.975",10.3053328483285,"quantile"
"pe",0,2025-01-18,2025-01-18,"pct wk rsv lab det","0.025",8.58375,"quantile"
"pe",0,2025-01-18,2025-01-18,"pct wk rsv lab det","0.975",25.05625,"quantile"
"pe",1,2025-01-18,2025-01-25,"pct wk rsv lab det","0.025",2.93419971199712,"quantile"
"pe",1,2025-01-18,2025-01-25,"pct wk rsv lab det","0.975",30.8908087080871,"quantile"
"pe",2,2025-01-18,2025-02-01,"pct wk rsv lab det","0.025",0.460396926469275,"quantile"
"pe",2,2025-01-18,2025-02-01,"pct wk rsv lab det","0.975",33.3363634636346,"quantile"
"pe",3,2025-01-18,2025-02-08,"pct wk rsv lab det","0.025",0,"quantile"
"pe",3,2025-01-18,2025-02-08,"pct wk rsv lab det","0.975",35.2623365808657,"quantile"
"prairies",0,2025-01-18,2025-01-18,"pct wk rsv lab det","0.025",10.08625,"quantile"
"prairies",0,2025-01-18,2025-01-18,"pct wk rsv lab det","0.975",13.71375,"quantile"
"prairies",1,2025-01-18,2025-01-25,"pct wk rsv lab det","0.025",9.49725972759728,"quantile"
"prairies",1,2025-01-18,2025-01-25,"pct wk rsv lab det","0.975",14.2866558765588,"quantile"
"prairies",2,2025-01-18,2025-02-01,"pct wk rsv lab det","0.025",9.01334127841279,"quantile"
"prairies",2,2025-01-18,2025-02-01,"pct wk rsv lab det","0.975",14.7748366133661,"quantile"
"prairies",3,2025-01-18,2025-02-08,"pct wk rsv lab det","0.025",8.60758389833899,"quantile"
"prairies",3,2025-01-18,2025-02-08,"pct wk rsv lab det","0.975",15.1617126946269,"quantile"
"qc",0,2025-01-18,2025-01-18,"pct wk rsv lab det","0.025",6.01,"quantile"
"qc",0,2025-01-18,2025-01-18,"pct wk rsv lab det","0.975",13.05,"quantile"
"qc",1,2025-01-18,2025-01-25,"pct wk rsv lab det","0.025",4.04042367673677,"quantile"
"qc",1,2025-01-18,2025-01-25,"pct wk rsv lab det","0.975",14.923335803358,"quantile"
"qc",2,2025-01-18,2025-02-01,"pct wk rsv lab det","0.025",1.74630174301743,"quantile"
"qc",2,2025-01-18,2025-02-01,"pct wk rsv lab det","0.975",17.3962683851838,"quantile"
"qc",3,2025-01-18,2025-02-08,"pct wk rsv lab det","0.025",0.752830763307635,"quantile"
"qc",3,2025-01-18,2025-02-08,"pct wk rsv lab det","0.975",18.4204587695876,"quantile"
"sk",0,2025-01-18,2025-01-18,"pct wk rsv lab det","0.025",15.239,"quantile"
"sk",0,2025-01-18,2025-01-18,"pct wk rsv lab det","0.975",22.021,"quantile"
"sk",1,2025-01-18,2025-01-25,"pct wk rsv lab det","0.025",14.2585624831248,"quantile"
"sk",1,2025-01-18,2025-01-25,"pct wk rsv lab det","0.975",23.03371199712,"quantile"
"sk",2,2025-01-18,2025-02-01,"pct wk rsv lab det","0.025",12.7877026820268,"quantile"
"sk",2,2025-01-18,2025-02-01,"pct wk rsv lab det","0.975",24.464915399154,"quantile"
"sk",3,2025-01-18,2025-02-08,"pct wk rsv lab det","0.025",11.7991961119611,"quantile"
"sk",3,2025-01-18,2025-02-08,"pct wk rsv lab det","0.975",25.4912407074071,"quantile"
"territories",0,2025-01-18,2025-01-18,"pct wk rsv lab det","0.025",0,"quantile"
"territories",0,2025-01-18,2025-01-18,"pct wk rsv lab det","0.975",9.17125,"quantile"
"territories",1,2025-01-18,2025-01-25,"pct wk rsv lab det","0.025",0,"quantile"
"territories",1,2025-01-18,2025-01-25,"pct wk rsv lab det","0.975",11.8670401204012,"quantile"
"territories",2,2025-01-18,2025-02-01,"pct wk rsv lab det","0.025",0,"quantile"
"territories",2,2025-01-18,2025-02-01,"pct wk rsv lab det","0.975",14.1457165596656,"quantile"
"territories",3,2025-01-18,2025-02-08,"pct wk rsv lab det","0.025",0,"quantile"
"territories",3,2025-01-18,2025-02-08,"pct wk rsv lab det","0.975",15.2353332858328,"quantile"
"yk",0,2025-01-18,2025-01-18,"pct wk rsv lab det","0.025",0,"quantile"
"yk",0,2025-01-18,2025-01-18,"pct wk rsv lab det","0.975",14.13825,"quantile"
"yk",1,2025-01-18,2025-01-25,"pct wk rsv lab det","0.025",0,"quantile"
"yk",1,2025-01-18,2025-01-25,"pct wk rsv lab det","0.975",18.991710602106,"quantile"
"yk",2,2025-01-18,2025-02-01,"pct wk rsv lab det","0.025",0,"quantile"
"yk",2,2025-01-18,2025-02-01,"pct wk rsv lab det","0.975",22.0318072330723,"quantile"
"yk",3,2025-01-18,2025-02-08,"pct wk rsv lab det","0.025",0,"quantile"
"yk",3,2025-01-18,2025-02-08,"pct wk rsv lab det","0.975",28.1975719257193,"quantile"
"ab",0,2025-01-18,2025-01-18,"pct wk flu lab det","0.025",7.5875,"quantile"
"ab",0,2025-01-18,2025-01-18,"pct wk flu lab det","0.975",18.4925,"quantile"
"ab",1,2025-01-18,2025-01-25,"pct wk flu lab det","0.025",5.37589124891249,"quantile"
"ab",1,2025-01-18,2025-01-25,"pct wk flu lab det","0.975",20.767190606906,"quantile"
"ab",2,2025-01-18,2025-02-01,"pct wk flu lab det","0.025",2.64680119551196,"quantile"
"ab",2,2025-01-18,2025-02-01,"pct wk flu lab det","0.975",23.4891932319323,"quantile"
"ab",3,2025-01-18,2025-02-08,"pct wk flu lab det","0.025",1.59042036420364,"quantile"
"ab",3,2025-01-18,2025-02-08,"pct wk flu lab det","0.975",24.6839989574896,"quantile"
"atlantic",0,2025-01-18,2025-01-18,"pct wk flu lab det","0.025",3.74625,"quantile"
"atlantic",0,2025-01-18,2025-01-18,"pct wk flu lab det","0.975",13.23375,"quantile"
"atlantic",1,2025-01-18,2025-01-25,"pct wk flu lab det","0.025",1.7332228597286,"quantile"
"atlantic",1,2025-01-18,2025-01-25,"pct wk flu lab det","0.975",15.2633746662466,"quantile"
"atlantic",2,2025-01-18,2025-02-01,"pct wk flu lab det","0.025",0.763006202562026,"quantile"
"atlantic",2,2025-01-18,2025-02-01,"pct wk flu lab det","0.975",16.2438330758308,"quantile"
"atlantic",3,2025-01-18,2025-02-08,"pct wk flu lab det","0.025",0.0953885963859639,"quantile"
"atlantic",3,2025-01-18,2025-02-08,"pct wk flu lab det","0.975",17.0349656421564,"quantile"
"bc",0,2025-01-18,2025-01-18,"pct wk flu lab det","0.025",10.46,"quantile"
"bc",0,2025-01-18,2025-01-18,"pct wk flu lab det","0.975",19.72,"quantile"
"bc",1,2025-01-18,2025-01-25,"pct wk flu lab det","0.025",9.61085452104521,"quantile"
"bc",1,2025-01-18,2025-01-25,"pct wk flu lab det","0.975",20.5681335163352,"quantile"
"bc",2,2025-01-18,2025-02-01,"pct wk flu lab det","0.025",8.36487614626146,"quantile"
"bc",2,2025-01-18,2025-02-01,"pct wk flu lab det","0.975",21.848569795698,"quantile"
"bc",3,2025-01-18,2025-02-08,"pct wk flu lab det","0.025",7.56364788397884,"quantile"
"bc",3,2025-01-18,2025-02-08,"pct wk flu lab det","0.975",22.6333636561366,"quantile"
"ca",0,2025-01-18,2025-01-18,"pct wk flu lab det","0.025",8.09875,"quantile"
"ca",0,2025-01-18,2025-01-18,"pct wk flu lab det","0.975",15.48125,"quantile"
"ca",1,2025-01-18,2025-01-25,"pct wk flu lab det","0.025",6.52444149691497,"quantile"
"ca",1,2025-01-18,2025-01-25,"pct wk flu lab det","0.975",17.0386055335553,"quantile"
"ca",2,2025-01-18,2025-02-01,"pct wk flu lab det","0.025",5.99657657076571,"quantile"
"ca",2,2025-01-18,2025-02-01,"pct wk flu lab det","0.975",17.6131026735267,"quantile"
"ca",3,2025-01-18,2025-02-08,"pct wk flu lab det","0.025",5.39615184401844,"quantile"
"ca",3,2025-01-18,2025-02-08,"pct wk flu lab det","0.975",18.1900725557256,"quantile"
"mb",0,2025-01-18,2025-01-18,"pct wk flu lab det","0.025",11.1545,"quantile"
"mb",0,2025-01-18,2025-01-18,"pct wk flu lab det","0.975",25.6255,"quantile"
"mb",1,2025-01-18,2025-01-25,"pct wk flu lab det","0.025",5.59539138391384,"quantile"
"mb",1,2025-01-18,2025-01-25,"pct wk flu lab det","0.975",31.3422739627396,"quantile"
"mb",2,2025-01-18,2025-02-01,"pct wk flu lab det","0.025",0,"quantile"
"mb",2,2025-01-18,2025-02-01,"pct wk flu lab det","0.975",39.4711812543125,"quantile"
"mb",3,2025-01-18,2025-02-08,"pct wk flu lab det","0.025",0,"quantile"
"mb",3,2025-01-18,2025-02-08,"pct wk flu lab det","0.975",42.6835226202262,"quantile"
"nb",0,2025-01-18,2025-01-18,"pct wk flu lab det","0.025",3.74875,"quantile"
"nb",0,2025-01-18,2025-01-18,"pct wk flu lab det","0.975",17.35125,"quantile"
"nb",1,2025-01-18,2025-01-25,"pct wk flu lab det","0.025",1.84967763927639,"quantile"
"nb",1,2025-01-18,2025-01-25,"pct wk flu lab det","0.975",19.1706552290523,"quantile"
"nb",2,2025-01-18,2025-02-01,"pct wk flu lab det","0.025",0.545929304293045,"quantile"
"nb",2,2025-01-18,2025-02-01,"pct wk flu lab det","0.975",20.6469377418774,"quantile"
"nb",3,2025-01-18,2025-02-08,"pct wk flu lab det","0.025",0,"quantile"
"nb",3,2025-01-18,2025-02-08,"pct wk flu lab det","0.975",22.366447304473,"quantile"
"nl",0,2025-01-18,2025-01-18,"pct wk flu lab det","0.025",0,"quantile"
"nl",0,2025-01-18,2025-01-18,"pct wk flu lab det","0.975",12.221,"quantile"
"nl",1,2025-01-18,2025-01-25,"pct wk flu lab det","0.025",0,"quantile"
"nl",1,2025-01-18,2025-01-25,"pct wk flu lab det","0.975",14.7650053850538,"quantile"
"nl",2,2025-01-18,2025-02-01,"pct wk flu lab det","0.025",0,"quantile"
"nl",2,2025-01-18,2025-02-01,"pct wk flu lab det","0.975",16.9334277817778,"quantile"
"nl",3,2025-01-18,2025-02-08,"pct wk flu lab det","0.025",0,"quantile"
"nl",3,2025-01-18,2025-02-08,"pct wk flu lab det","0.975",18.4347597725977,"quantile"
"ns",0,2025-01-18,2025-01-18,"pct wk flu lab det","0.025",3.99625,"quantile"
"ns",0,2025-01-18,2025-01-18,"pct wk flu lab det","0.975",12.40375,"quantile"
"ns",1,2025-01-18,2025-01-25,"pct wk flu lab det","0.025",1.95016539165391,"quantile"
"ns",1,2025-01-18,2025-01-25,"pct wk flu lab det","0.975",14.4281546740467,"quantile"
"ns",2,2025-01-18,2025-02-01,"pct wk flu lab det","0.025",1.08790990159902,"quantile"
"ns",2,2025-01-18,2025-02-01,"pct wk flu lab det","0.975",15.4100013650136,"quantile"
"ns",3,2025-01-18,2025-02-08,"pct wk flu lab det","0.025",0,"quantile"
"ns",3,2025-01-18,2025-02-08,"pct wk flu lab det","0.975",16.9756350913512,"quantile"
"nt",0,2025-01-18,2025-01-18,"pct wk flu lab det","0.025",0,"quantile"
"nt",0,2025-01-18,2025-01-18,"pct wk flu lab det","0.975",27.2472499999999,"quantile"
"nt",1,2025-01-18,2025-01-25,"pct wk flu lab det","0.025",0,"quantile"
"nt",1,2025-01-18,2025-01-25,"pct wk flu lab det","0.975",31.1475150451504,"quantile"
"nt",2,2025-01-18,2025-02-01,"pct wk flu lab det","0.025",0,"quantile"
"nt",2,2025-01-18,2025-02-01,"pct wk flu lab det","0.975",34.4635388653885,"quantile"
"nt",3,2025-01-18,2025-02-08,"pct wk flu lab det","0.025",0,"quantile"
"nt",3,2025-01-18,2025-02-08,"pct wk flu lab det","0.975",37.7548773487735,"quantile"
"nu",0,2025-01-18,2025-01-18,"pct wk flu lab det","0.025",0.336,"quantile"
"nu",0,2025-01-18,2025-01-18,"pct wk flu lab det","0.975",28.824,"quantile"
"nu",1,2025-01-18,2025-01-25,"pct wk flu lab det","0.025",0,"quantile"
"nu",1,2025-01-18,2025-01-25,"pct wk flu lab det","0.975",32.9057727927279,"quantile"
"nu",2,2025-01-18,2025-02-01,"pct wk flu lab det","0.025",0,"quantile"
"nu",2,2025-01-18,2025-02-01,"pct wk flu lab det","0.975",36.6717679176792,"quantile"
"nu",3,2025-01-18,2025-02-08,"pct wk flu lab det","0.025",0,"quantile"
"nu",3,2025-01-18,2025-02-08,"pct wk flu lab det","0.975",38.8556345563455,"quantile"
"on",0,2025-01-18,2025-01-18,"pct wk flu lab det","0.025",8.3875,"quantile"
"on",0,2025-01-18,2025-01-18,"pct wk flu lab det","0.975",14.4125,"quantile"
"on",1,2025-01-18,2025-01-25,"pct wk flu lab det","0.025",7.59667683426834,"quantile"
"on",1,2025-01-18,2025-01-25,"pct wk flu lab det","0.975",15.2054404119041,"quantile"
"on",2,2025-01-18,2025-02-01,"pct wk flu lab det","0.025",6.8671995194952,"quantile"
"on",2,2025-01-18,2025-02-01,"pct wk flu lab det","0.975",15.9510660856609,"quantile"
"on",3,2025-01-18,2025-02-08,"pct wk flu lab det","0.025",6.24492701677017,"quantile"
"on",3,2025-01-18,2025-02-08,"pct wk flu lab det","0.975",16.5253594485945,"quantile"
"pe",0,2025-01-18,2025-01-18,"pct wk flu lab det","0.025",2.07375,"quantile"
"pe",0,2025-01-18,2025-01-18,"pct wk flu lab det","0.975",19.74625,"quantile"
"pe",1,2025-01-18,2025-01-25,"pct wk flu lab det","0.025",0,"quantile"
"pe",1,2025-01-18,2025-01-25,"pct wk flu lab det","0.975",24.489772397724,"quantile"
"pe",2,2025-01-18,2025-02-01,"pct wk flu lab det","0.025",0,"quantile"
"pe",2,2025-01-18,2025-02-01,"pct wk flu lab det","0.975",27.1694849198492,"quantile"
"pe",3,2025-01-18,2025-02-08,"pct wk flu lab det","0.025",0,"quantile"
"pe",3,2025-01-18,2025-02-08,"pct wk flu lab det","0.975",28.8786733792342,"quantile"
"prairies",0,2025-01-18,2025-01-18,"pct wk flu lab det","0.025",8.1675,"quantile"
"prairies",0,2025-01-18,2025-01-18,"pct wk flu lab det","0.975",17.6725,"quantile"
"prairies",1,2025-01-18,2025-01-25,"pct wk flu lab det","0.025",6.70518985439854,"quantile"
"prairies",1,2025-01-18,2025-01-25,"pct wk flu lab det","0.975",19.1522706352063,"quantile"
"prairies",2,2025-01-18,2025-02-01,"pct wk flu lab det","0.025",5.69171520715207,"quantile"
"prairies",2,2025-01-18,2025-02-01,"pct wk flu lab det","0.975",20.1937735827358,"quantile"
"prairies",3,2025-01-18,2025-02-08,"pct wk flu lab det","0.025",4.52685669106691,"quantile"
"prairies",3,2025-01-18,2025-02-08,"pct wk flu lab det","0.975",21.3156259787598,"quantile"
"qc",0,2025-01-18,2025-01-18,"pct wk flu lab det","0.025",6.54,"quantile"
"qc",0,2025-01-18,2025-01-18,"pct wk flu lab det","0.975",15.62,"quantile"
"qc",1,2025-01-18,2025-01-25,"pct wk flu lab det","0.025",4.00150590255903,"quantile"
"qc",1,2025-01-18,2025-01-25,"pct wk flu lab det","0.975",18.1478274632746,"quantile"
"qc",2,2025-01-18,2025-02-01,"pct wk flu lab det","0.025",3.0972083295833,"quantile"
"qc",2,2025-01-18,2025-02-01,"pct wk flu lab det","0.975",19.0262136346363,"quantile"
"qc",3,2025-01-18,2025-02-08,"pct wk flu lab det","0.025",2.4495101301013,"quantile"
"qc",3,2025-01-18,2025-02-08,"pct wk flu lab det","0.975",19.6875312228123,"quantile"
"sk",0,2025-01-18,2025-01-18,"pct wk flu lab det","0.025",3.2985,"quantile"
"sk",0,2025-01-18,2025-01-18,"pct wk flu lab det","0.975",14.2015,"quantile"
"sk",1,2025-01-18,2025-01-25,"pct wk flu lab det","0.025",0,"quantile"
"sk",1,2025-01-18,2025-01-25,"pct wk flu lab det","0.975",18.6990581405814,"quantile"
"sk",2,2025-01-18,2025-02-01,"pct wk flu lab det","0.025",0,"quantile"
"sk",2,2025-01-18,2025-02-01,"pct wk flu lab det","0.975",19.7846380613806,"quantile"
"sk",3,2025-01-18,2025-02-08,"pct wk flu lab det","0.025",0,"quantile"
"sk",3,2025-01-18,2025-02-08,"pct wk flu lab det","0.975",21.2349575420754,"quantile"
"territories",0,2025-01-18,2025-01-18,"pct wk flu lab det","0.025",3.51125,"quantile"
"territories",0,2025-01-18,2025-01-18,"pct wk flu lab det","0.975",29.28875,"quantile"
"territories",1,2025-01-18,2025-01-25,"pct wk flu lab det","0.025",0.838479127291271,"quantile"
"territories",1,2025-01-18,2025-01-25,"pct wk flu lab det","0.975",32.1581785467854,"quantile"
"territories",2,2025-01-18,2025-02-01,"pct wk flu lab det","0.025",0,"quantile"
"territories",2,2025-01-18,2025-02-01,"pct wk flu lab det","0.975",34.7981503840038,"quantile"
"territories",3,2025-01-18,2025-02-08,"pct wk flu lab det","0.025",0,"quantile"
"territories",3,2025-01-18,2025-02-08,"pct wk flu lab det","0.975",37.244443901939,"quantile"
"yk",0,2025-01-18,2025-01-18,"pct wk flu lab det","0.025",11.4705,"quantile"
"yk",0,2025-01-18,2025-01-18,"pct wk flu lab det","0.975",40.7094999999999,"quantile"
"yk",1,2025-01-18,2025-01-25,"pct wk flu lab det","0.025",0.500662226622264,"quantile"
"yk",1,2025-01-18,2025-01-25,"pct wk flu lab det","0.975",53.2738162631625,"quantile"
"yk",2,2025-01-18,2025-02-01,"pct wk flu lab det","0.025",0,"quantile"
"yk",2,2025-01-18,2025-02-01,"pct wk flu lab det","0.975",60.4860978159779,"quantile"
"yk",3,2025-01-18,2025-02-08,"pct wk flu lab det","0.025",0,"quantile"
"yk",3,2025-01-18,2025-02-08,"pct wk flu lab det","0.975",65.2533599210991,"quantile"
