reference_date,target_end_date,horizon,location,target,output_type,output_type_id,value
2025-01-18,2025-01-11,-1,ca,pct wk flu lab det,quantile,0.025,0
2025-01-18,2025-01-11,-1,ca,pct wk flu lab det,quantile,0.1,0
2025-01-18,2025-01-11,-1,ca,pct wk flu lab det,quantile,0.25,2.645000000000003
2025-01-18,2025-01-11,-1,ca,pct wk flu lab det,quantile,0.5,11.8
2025-01-18,2025-01-11,-1,ca,pct wk flu lab det,quantile,0.75,11.8
2025-01-18,2025-01-11,-1,ca,pct wk flu lab det,quantile,0.9,12.384500000000001
2025-01-18,2025-01-11,-1,ca,pct wk flu lab det,quantile,0.975,16.651624999999996
2025-01-18,2025-01-11,-1,atlantic,pct wk flu lab det,quantile,0.025,0
2025-01-18,2025-01-11,-1,atlantic,pct wk flu lab det,quantile,0.1,0
2025-01-18,2025-01-11,-1,atlantic,pct wk flu lab det,quantile,0.25,0
2025-01-18,2025-01-11,-1,atlantic,pct wk flu lab det,quantile,0.5,8.5
2025-01-18,2025-01-11,-1,atlantic,pct wk flu lab det,quantile,0.75,8.5
2025-01-18,2025-01-11,-1,atlantic,pct wk flu lab det,quantile,0.9,10.7345
2025-01-18,2025-01-11,-1,atlantic,pct wk flu lab det,quantile,0.975,15.001624999999997
2025-01-18,2025-01-11,-1,qc,pct wk flu lab det,quantile,0.025,0
2025-01-18,2025-01-11,-1,qc,pct wk flu lab det,quantile,0.1,0
2025-01-18,2025-01-11,-1,qc,pct wk flu lab det,quantile,0.25,1.945000000000002
2025-01-18,2025-01-11,-1,qc,pct wk flu lab det,quantile,0.5,11.1
2025-01-18,2025-01-11,-1,qc,pct wk flu lab det,quantile,0.75,11.1
2025-01-18,2025-01-11,-1,qc,pct wk flu lab det,quantile,0.9,12.034500000000001
2025-01-18,2025-01-11,-1,qc,pct wk flu lab det,quantile,0.975,16.301624999999998
2025-01-18,2025-01-11,-1,on,pct wk flu lab det,quantile,0.025,0
2025-01-18,2025-01-11,-1,on,pct wk flu lab det,quantile,0.1,0
2025-01-18,2025-01-11,-1,on,pct wk flu lab det,quantile,0.25,2.2450000000000028
2025-01-18,2025-01-11,-1,on,pct wk flu lab det,quantile,0.5,11.4
2025-01-18,2025-01-11,-1,on,pct wk flu lab det,quantile,0.75,11.4
2025-01-18,2025-01-11,-1,on,pct wk flu lab det,quantile,0.9,12.1845
2025-01-18,2025-01-11,-1,on,pct wk flu lab det,quantile,0.975,16.451624999999996
2025-01-18,2025-01-11,-1,prairies,pct wk flu lab det,quantile,0.025,0
2025-01-18,2025-01-11,-1,prairies,pct wk flu lab det,quantile,0.1,0
2025-01-18,2025-01-11,-1,prairies,pct wk flu lab det,quantile,0.25,3.7450000000000028
2025-01-18,2025-01-11,-1,prairies,pct wk flu lab det,quantile,0.5,12.9
2025-01-18,2025-01-11,-1,prairies,pct wk flu lab det,quantile,0.75,13.5
2025-01-18,2025-01-11,-1,prairies,pct wk flu lab det,quantile,0.9,13.5
2025-01-18,2025-01-11,-1,prairies,pct wk flu lab det,quantile,0.975,17.201624999999996
2025-01-18,2025-01-11,-1,bc,pct wk flu lab det,quantile,0.025,0
2025-01-18,2025-01-11,-1,bc,pct wk flu lab det,quantile,0.1,0
2025-01-18,2025-01-11,-1,bc,pct wk flu lab det,quantile,0.25,5.945000000000002
2025-01-18,2025-01-11,-1,bc,pct wk flu lab det,quantile,0.5,15.1
2025-01-18,2025-01-11,-1,bc,pct wk flu lab det,quantile,0.75,15.8
2025-01-18,2025-01-11,-1,bc,pct wk flu lab det,quantile,0.9,15.8
2025-01-18,2025-01-11,-1,bc,pct wk flu lab det,quantile,0.975,18.301624999999998
2025-01-18,2025-01-11,-1,territories,pct wk flu lab det,quantile,0.025,0
2025-01-18,2025-01-11,-1,territories,pct wk flu lab det,quantile,0.1,0
2025-01-18,2025-01-11,-1,territories,pct wk flu lab det,quantile,0.25,7.245000000000001
2025-01-18,2025-01-11,-1,territories,pct wk flu lab det,quantile,0.5,16.4
2025-01-18,2025-01-11,-1,territories,pct wk flu lab det,quantile,0.75,21.1
2025-01-18,2025-01-11,-1,territories,pct wk flu lab det,quantile,0.9,21.1
2025-01-18,2025-01-11,-1,territories,pct wk flu lab det,quantile,0.975,21.1
2025-01-18,2025-01-18,0,ca,pct wk flu lab det,quantile,0.025,2.928750000000001
2025-01-18,2025-01-18,0,ca,pct wk flu lab det,quantile,0.1,5.510999999999999
2025-01-18,2025-01-18,0,ca,pct wk flu lab det,quantile,0.25,11.8
2025-01-18,2025-01-18,0,ca,pct wk flu lab det,quantile,0.5,17.1675
2025-01-18,2025-01-18,0,ca,pct wk flu lab det,quantile,0.75,23.038125
2025-01-18,2025-01-18,0,ca,pct wk flu lab det,quantile,0.9,26.905500000000007
2025-01-18,2025-01-18,0,ca,pct wk flu lab det,quantile,0.975,33.47756249999999
2025-01-18,2025-01-18,0,atlantic,pct wk flu lab det,quantile,0.025,2.508749999999999
2025-01-18,2025-01-18,0,atlantic,pct wk flu lab det,quantile,0.1,5.0909999999999975
2025-01-18,2025-01-18,0,atlantic,pct wk flu lab det,quantile,0.25,10.3275
2025-01-18,2025-01-18,0,atlantic,pct wk flu lab det,quantile,0.5,16.8525
2025-01-18,2025-01-18,0,atlantic,pct wk flu lab det,quantile,0.75,22.723125
2025-01-18,2025-01-18,0,atlantic,pct wk flu lab det,quantile,0.9,26.590500000000006
2025-01-18,2025-01-18,0,atlantic,pct wk flu lab det,quantile,0.975,33.16256249999999
2025-01-18,2025-01-18,0,qc,pct wk flu lab det,quantile,0.025,0
2025-01-18,2025-01-18,0,qc,pct wk flu lab det,quantile,0.1,2.3610000000000007
2025-01-18,2025-01-18,0,qc,pct wk flu lab det,quantile,0.25,11.040000000000003
2025-01-18,2025-01-18,0,qc,pct wk flu lab det,quantile,0.5,14.805000000000001
2025-01-18,2025-01-18,0,qc,pct wk flu lab det,quantile,0.75,20.675625000000004
2025-01-18,2025-01-18,0,qc,pct wk flu lab det,quantile,0.9,24.543000000000006
2025-01-18,2025-01-18,0,qc,pct wk flu lab det,quantile,0.975,31.115062499999993
2025-01-18,2025-01-18,0,on,pct wk flu lab det,quantile,0.025,0
2025-01-18,2025-01-18,0,on,pct wk flu lab det,quantile,0.1,1.8909999999999982
2025-01-18,2025-01-18,0,on,pct wk flu lab det,quantile,0.25,10.57
2025-01-18,2025-01-18,0,on,pct wk flu lab det,quantile,0.5,14.4525
2025-01-18,2025-01-18,0,on,pct wk flu lab det,quantile,0.75,20.323125
2025-01-18,2025-01-18,0,on,pct wk flu lab det,quantile,0.9,24.190500000000004
2025-01-18,2025-01-18,0,on,pct wk flu lab det,quantile,0.975,30.76256249999999
2025-01-18,2025-01-18,0,prairies,pct wk flu lab det,quantile,0.025,0
2025-01-18,2025-01-18,0,prairies,pct wk flu lab det,quantile,0.1,0
2025-01-18,2025-01-18,0,prairies,pct wk flu lab det,quantile,0.25,7.969999999999999
2025-01-18,2025-01-18,0,prairies,pct wk flu lab det,quantile,0.5,13.5
2025-01-18,2025-01-18,0,prairies,pct wk flu lab det,quantile,0.75,18.373124999999998
2025-01-18,2025-01-18,0,prairies,pct wk flu lab det,quantile,0.9,22.240500000000004
2025-01-18,2025-01-18,0,prairies,pct wk flu lab det,quantile,0.975,28.812562499999995
2025-01-18,2025-01-18,0,bc,pct wk flu lab det,quantile,0.025,5.138750000000002
2025-01-18,2025-01-18,0,bc,pct wk flu lab det,quantile,0.1,7.721
2025-01-18,2025-01-18,0,bc,pct wk flu lab det,quantile,0.25,15.8
2025-01-18,2025-01-18,0,bc,pct wk flu lab det,quantile,0.5,18.825000000000003
2025-01-18,2025-01-18,0,bc,pct wk flu lab det,quantile,0.75,24.695625
2025-01-18,2025-01-18,0,bc,pct wk flu lab det,quantile,0.9,28.56300000000001
2025-01-18,2025-01-18,0,bc,pct wk flu lab det,quantile,0.975,35.1350625
2025-01-18,2025-01-18,0,territories,pct wk flu lab det,quantile,0.025,0
2025-01-18,2025-01-18,0,territories,pct wk flu lab det,quantile,0.1,0
2025-01-18,2025-01-18,0,territories,pct wk flu lab det,quantile,0.25,8.599999999999998
2025-01-18,2025-01-18,0,territories,pct wk flu lab det,quantile,0.5,17.299999999999997
2025-01-18,2025-01-18,0,territories,pct wk flu lab det,quantile,0.75,21.1
2025-01-18,2025-01-18,0,territories,pct wk flu lab det,quantile,0.9,22.713000000000005
2025-01-18,2025-01-18,0,territories,pct wk flu lab det,quantile,0.975,29.28506249999999
2025-01-18,2025-01-25,1,ca,pct wk flu lab det,quantile,0.025,1.7224999999999966
2025-01-18,2025-01-25,1,ca,pct wk flu lab det,quantile,0.1,4.259999999999998
2025-01-18,2025-01-25,1,ca,pct wk flu lab det,quantile,0.25,11.8
2025-01-18,2025-01-25,1,ca,pct wk flu lab det,quantile,0.5,19.449
2025-01-18,2025-01-25,1,ca,pct wk flu lab det,quantile,0.75,26.415
2025-01-18,2025-01-25,1,ca,pct wk flu lab det,quantile,0.9,31.309199999999997
2025-01-18,2025-01-25,1,ca,pct wk flu lab det,quantile,0.975,39.527099999999976
2025-01-18,2025-01-25,1,atlantic,pct wk flu lab det,quantile,0.025,0.6325000000000003
2025-01-18,2025-01-25,1,atlantic,pct wk flu lab det,quantile,0.1,3.1700000000000017
2025-01-18,2025-01-25,1,atlantic,pct wk flu lab det,quantile,0.25,10.791000000000002
2025-01-18,2025-01-25,1,atlantic,pct wk flu lab det,quantile,0.5,18.468000000000004
2025-01-18,2025-01-25,1,atlantic,pct wk flu lab det,quantile,0.75,25.434
2025-01-18,2025-01-25,1,atlantic,pct wk flu lab det,quantile,0.9,30.328199999999995
2025-01-18,2025-01-25,1,atlantic,pct wk flu lab det,quantile,0.975,38.54609999999997
2025-01-18,2025-01-25,1,qc,pct wk flu lab det,quantile,0.025,0.09249999999999758
2025-01-18,2025-01-25,1,qc,pct wk flu lab det,quantile,0.1,2.629999999999999
2025-01-18,2025-01-25,1,qc,pct wk flu lab det,quantile,0.25,11.1
2025-01-18,2025-01-25,1,qc,pct wk flu lab det,quantile,0.5,17.982
2025-01-18,2025-01-25,1,qc,pct wk flu lab det,quantile,0.75,24.948
2025-01-18,2025-01-25,1,qc,pct wk flu lab det,quantile,0.9,29.842199999999995
2025-01-18,2025-01-25,1,qc,pct wk flu lab det,quantile,0.975,38.06009999999997
2025-01-18,2025-01-25,1,on,pct wk flu lab det,quantile,0.025,0
2025-01-18,2025-01-25,1,on,pct wk flu lab det,quantile,0.1,1.6499999999999986
2025-01-18,2025-01-25,1,on,pct wk flu lab det,quantile,0.25,10.469999999999999
2025-01-18,2025-01-25,1,on,pct wk flu lab det,quantile,0.5,17.1
2025-01-18,2025-01-25,1,on,pct wk flu lab det,quantile,0.75,24.066
2025-01-18,2025-01-25,1,on,pct wk flu lab det,quantile,0.9,28.960199999999997
2025-01-18,2025-01-25,1,on,pct wk flu lab det,quantile,0.975,37.17809999999997
2025-01-18,2025-01-25,1,prairies,pct wk flu lab det,quantile,0.025,0
2025-01-18,2025-01-25,1,prairies,pct wk flu lab det,quantile,0.1,0
2025-01-18,2025-01-25,1,prairies,pct wk flu lab det,quantile,0.25,7.939999999999998
2025-01-18,2025-01-25,1,prairies,pct wk flu lab det,quantile,0.5,14.822999999999999
2025-01-18,2025-01-25,1,prairies,pct wk flu lab det,quantile,0.75,21.788999999999998
2025-01-18,2025-01-25,1,prairies,pct wk flu lab det,quantile,0.9,26.683199999999992
2025-01-18,2025-01-25,1,prairies,pct wk flu lab det,quantile,0.975,34.90109999999997
2025-01-18,2025-01-25,1,bc,pct wk flu lab det,quantile,0.025,5.112499999999997
2025-01-18,2025-01-25,1,bc,pct wk flu lab det,quantile,0.1,7.649999999999999
2025-01-18,2025-01-25,1,bc,pct wk flu lab det,quantile,0.25,15.8
2025-01-18,2025-01-25,1,bc,pct wk flu lab det,quantile,0.5,22.5
2025-01-18,2025-01-25,1,bc,pct wk flu lab det,quantile,0.75,29.465999999999998
2025-01-18,2025-01-25,1,bc,pct wk flu lab det,quantile,0.9,34.3602
2025-01-18,2025-01-25,1,bc,pct wk flu lab det,quantile,0.975,42.57809999999997
2025-01-18,2025-01-25,1,territories,pct wk flu lab det,quantile,0.025,0
2025-01-18,2025-01-25,1,territories,pct wk flu lab det,quantile,0.1,0.04999999999999716
2025-01-18,2025-01-25,1,territories,pct wk flu lab det,quantile,0.25,8.869999999999997
2025-01-18,2025-01-25,1,territories,pct wk flu lab det,quantile,0.5,17.4
2025-01-18,2025-01-25,1,territories,pct wk flu lab det,quantile,0.75,22.625999999999998
2025-01-18,2025-01-25,1,territories,pct wk flu lab det,quantile,0.9,27.520199999999992
2025-01-18,2025-01-25,1,territories,pct wk flu lab det,quantile,0.975,35.73809999999997
2025-01-18,2025-02-01,2,ca,pct wk flu lab det,quantile,0.025,1.278500000000001
2025-01-18,2025-02-01,2,ca,pct wk flu lab det,quantile,0.1,3.064
2025-01-18,2025-02-01,2,ca,pct wk flu lab det,quantile,0.25,12.3
2025-01-18,2025-02-01,2,ca,pct wk flu lab det,quantile,0.5,20.5
2025-01-18,2025-02-01,2,ca,pct wk flu lab det,quantile,0.75,28.645
2025-01-18,2025-02-01,2,ca,pct wk flu lab det,quantile,0.9,34.39000000000001
2025-01-18,2025-02-01,2,ca,pct wk flu lab det,quantile,0.975,43.499499999999976
2025-01-18,2025-02-01,2,atlantic,pct wk flu lab det,quantile,0.025,1.6885000000000012
2025-01-18,2025-02-01,2,atlantic,pct wk flu lab det,quantile,0.1,3.474
2025-01-18,2025-02-01,2,atlantic,pct wk flu lab det,quantile,0.25,12.71
2025-01-18,2025-02-01,2,atlantic,pct wk flu lab det,quantile,0.5,20.91
2025-01-18,2025-02-01,2,atlantic,pct wk flu lab det,quantile,0.75,29.055
2025-01-18,2025-02-01,2,atlantic,pct wk flu lab det,quantile,0.9,34.80000000000001
2025-01-18,2025-02-01,2,atlantic,pct wk flu lab det,quantile,0.975,43.90949999999998
2025-01-18,2025-02-01,2,qc,pct wk flu lab det,quantile,0.025,0
2025-01-18,2025-02-01,2,qc,pct wk flu lab det,quantile,0.1,1.6640000000000015
2025-01-18,2025-02-01,2,qc,pct wk flu lab det,quantile,0.25,10.900000000000002
2025-01-18,2025-02-01,2,qc,pct wk flu lab det,quantile,0.5,19.1
2025-01-18,2025-02-01,2,qc,pct wk flu lab det,quantile,0.75,27.245
2025-01-18,2025-02-01,2,qc,pct wk flu lab det,quantile,0.9,32.99000000000001
2025-01-18,2025-02-01,2,qc,pct wk flu lab det,quantile,0.975,42.09949999999998
2025-01-18,2025-02-01,2,on,pct wk flu lab det,quantile,0.025,0
2025-01-18,2025-02-01,2,on,pct wk flu lab det,quantile,0.1,0.15399999999999991
2025-01-18,2025-02-01,2,on,pct wk flu lab det,quantile,0.25,9.39
2025-01-18,2025-02-01,2,on,pct wk flu lab det,quantile,0.5,17.59
2025-01-18,2025-02-01,2,on,pct wk flu lab det,quantile,0.75,25.735
2025-01-18,2025-02-01,2,on,pct wk flu lab det,quantile,0.9,31.480000000000008
2025-01-18,2025-02-01,2,on,pct wk flu lab det,quantile,0.975,40.58949999999997
2025-01-18,2025-02-01,2,prairies,pct wk flu lab det,quantile,0.025,0
2025-01-18,2025-02-01,2,prairies,pct wk flu lab det,quantile,0.1,0
2025-01-18,2025-02-01,2,prairies,pct wk flu lab det,quantile,0.25,7.09
2025-01-18,2025-02-01,2,prairies,pct wk flu lab det,quantile,0.5,15.29
2025-01-18,2025-02-01,2,prairies,pct wk flu lab det,quantile,0.75,23.435
2025-01-18,2025-02-01,2,prairies,pct wk flu lab det,quantile,0.9,29.180000000000007
2025-01-18,2025-02-01,2,prairies,pct wk flu lab det,quantile,0.975,38.289499999999975
2025-01-18,2025-02-01,2,bc,pct wk flu lab det,quantile,0.025,5.938500000000001
2025-01-18,2025-02-01,2,bc,pct wk flu lab det,quantile,0.1,7.724
2025-01-18,2025-02-01,2,bc,pct wk flu lab det,quantile,0.25,16.96
2025-01-18,2025-02-01,2,bc,pct wk flu lab det,quantile,0.5,25.16
2025-01-18,2025-02-01,2,bc,pct wk flu lab det,quantile,0.75,33.305
2025-01-18,2025-02-01,2,bc,pct wk flu lab det,quantile,0.9,39.05000000000001
2025-01-18,2025-02-01,2,bc,pct wk flu lab det,quantile,0.975,48.15949999999998
2025-01-18,2025-02-01,2,territories,pct wk flu lab det,quantile,0.025,0.36850000000000094
2025-01-18,2025-02-01,2,territories,pct wk flu lab det,quantile,0.1,2.154
2025-01-18,2025-02-01,2,territories,pct wk flu lab det,quantile,0.25,11.39
2025-01-18,2025-02-01,2,territories,pct wk flu lab det,quantile,0.5,19.59
2025-01-18,2025-02-01,2,territories,pct wk flu lab det,quantile,0.75,27.735
2025-01-18,2025-02-01,2,territories,pct wk flu lab det,quantile,0.9,33.480000000000004
2025-01-18,2025-02-01,2,territories,pct wk flu lab det,quantile,0.975,42.58949999999997
2025-01-18,2025-02-08,3,ca,pct wk flu lab det,quantile,0.025,0.9065000000000012
2025-01-18,2025-02-08,3,ca,pct wk flu lab det,quantile,0.1,3.1020000000000003
2025-01-18,2025-02-08,3,ca,pct wk flu lab det,quantile,0.25,11.940000000000001
2025-01-18,2025-02-08,3,ca,pct wk flu lab det,quantile,0.5,20.330000000000002
2025-01-18,2025-02-08,3,ca,pct wk flu lab det,quantile,0.75,28.335
2025-01-18,2025-02-08,3,ca,pct wk flu lab det,quantile,0.9,33.932
2025-01-18,2025-02-08,3,ca,pct wk flu lab det,quantile,0.975,43.18949999999998
2025-01-18,2025-02-08,3,atlantic,pct wk flu lab det,quantile,0.025,3.166499999999999
2025-01-18,2025-02-08,3,atlantic,pct wk flu lab det,quantile,0.1,5.361999999999998
2025-01-18,2025-02-08,3,atlantic,pct wk flu lab det,quantile,0.25,14.2
2025-01-18,2025-02-08,3,atlantic,pct wk flu lab det,quantile,0.5,22.59
2025-01-18,2025-02-08,3,atlantic,pct wk flu lab det,quantile,0.75,30.595
2025-01-18,2025-02-08,3,atlantic,pct wk flu lab det,quantile,0.9,36.19200000000001
2025-01-18,2025-02-08,3,atlantic,pct wk flu lab det,quantile,0.975,45.44949999999997
2025-01-18,2025-02-08,3,qc,pct wk flu lab det,quantile,0.025,0
2025-01-18,2025-02-08,3,qc,pct wk flu lab det,quantile,0.1,1.5519999999999996
2025-01-18,2025-02-08,3,qc,pct wk flu lab det,quantile,0.25,10.39
2025-01-18,2025-02-08,3,qc,pct wk flu lab det,quantile,0.5,18.78
2025-01-18,2025-02-08,3,qc,pct wk flu lab det,quantile,0.75,26.785
2025-01-18,2025-02-08,3,qc,pct wk flu lab det,quantile,0.9,32.382000000000005
2025-01-18,2025-02-08,3,qc,pct wk flu lab det,quantile,0.975,41.63949999999998
2025-01-18,2025-02-08,3,on,pct wk flu lab det,quantile,0.025,0
2025-01-18,2025-02-08,3,on,pct wk flu lab det,quantile,0.1,0.3019999999999996
2025-01-18,2025-02-08,3,on,pct wk flu lab det,quantile,0.25,9.14
2025-01-18,2025-02-08,3,on,pct wk flu lab det,quantile,0.5,17.53
2025-01-18,2025-02-08,3,on,pct wk flu lab det,quantile,0.75,25.535
2025-01-18,2025-02-08,3,on,pct wk flu lab det,quantile,0.9,31.132000000000005
2025-01-18,2025-02-08,3,on,pct wk flu lab det,quantile,0.975,40.38949999999998
2025-01-18,2025-02-08,3,prairies,pct wk flu lab det,quantile,0.025,0
2025-01-18,2025-02-08,3,prairies,pct wk flu lab det,quantile,0.1,0
2025-01-18,2025-02-08,3,prairies,pct wk flu lab det,quantile,0.25,6.01
2025-01-18,2025-02-08,3,prairies,pct wk flu lab det,quantile,0.5,14.4
2025-01-18,2025-02-08,3,prairies,pct wk flu lab det,quantile,0.75,22.405
2025-01-18,2025-02-08,3,prairies,pct wk flu lab det,quantile,0.9,28.002000000000002
2025-01-18,2025-02-08,3,prairies,pct wk flu lab det,quantile,0.975,37.259499999999974
2025-01-18,2025-02-08,3,bc,pct wk flu lab det,quantile,0.025,5.7364999999999995
2025-01-18,2025-02-08,3,bc,pct wk flu lab det,quantile,0.1,7.931999999999999
2025-01-18,2025-02-08,3,bc,pct wk flu lab det,quantile,0.25,16.77
2025-01-18,2025-02-08,3,bc,pct wk flu lab det,quantile,0.5,25.16
2025-01-18,2025-02-08,3,bc,pct wk flu lab det,quantile,0.75,33.165
2025-01-18,2025-02-08,3,bc,pct wk flu lab det,quantile,0.9,38.762
2025-01-18,2025-02-08,3,bc,pct wk flu lab det,quantile,0.975,48.01949999999998
2025-01-18,2025-02-08,3,territories,pct wk flu lab det,quantile,0.025,1.6765000000000008
2025-01-18,2025-02-08,3,territories,pct wk flu lab det,quantile,0.1,3.872
2025-01-18,2025-02-08,3,territories,pct wk flu lab det,quantile,0.25,12.71
2025-01-18,2025-02-08,3,territories,pct wk flu lab det,quantile,0.5,21.1
2025-01-18,2025-02-08,3,territories,pct wk flu lab det,quantile,0.75,29.105
2025-01-18,2025-02-08,3,territories,pct wk flu lab det,quantile,0.9,34.702000000000005
2025-01-18,2025-02-08,3,territories,pct wk flu lab det,quantile,0.975,43.95949999999998
2025-01-18,2025-01-11,-1,ca,pct wk rsv lab det,quantile,0.025,0.5419999999999998
2025-01-18,2025-01-11,-1,ca,pct wk rsv lab det,quantile,0.1,3.3260000000000005
2025-01-18,2025-01-11,-1,ca,pct wk rsv lab det,quantile,0.25,5.775
2025-01-18,2025-01-11,-1,ca,pct wk rsv lab det,quantile,0.5,9
2025-01-18,2025-01-11,-1,ca,pct wk rsv lab det,quantile,0.75,10.8
2025-01-18,2025-01-11,-1,ca,pct wk rsv lab det,quantile,0.9,10.8
2025-01-18,2025-01-11,-1,ca,pct wk rsv lab det,quantile,0.975,11.145124999999954
2025-01-18,2025-01-11,-1,atlantic,pct wk rsv lab det,quantile,0.025,0.5419999999999998
2025-01-18,2025-01-11,-1,atlantic,pct wk rsv lab det,quantile,0.1,3.3260000000000005
2025-01-18,2025-01-11,-1,atlantic,pct wk rsv lab det,quantile,0.25,5.775
2025-01-18,2025-01-11,-1,atlantic,pct wk rsv lab det,quantile,0.5,9
2025-01-18,2025-01-11,-1,atlantic,pct wk rsv lab det,quantile,0.75,9.7
2025-01-18,2025-01-11,-1,atlantic,pct wk rsv lab det,quantile,0.9,9.7
2025-01-18,2025-01-11,-1,atlantic,pct wk rsv lab det,quantile,0.975,11.145124999999954
2025-01-18,2025-01-11,-1,qc,pct wk rsv lab det,quantile,0.025,1.0419999999999998
2025-01-18,2025-01-11,-1,qc,pct wk rsv lab det,quantile,0.1,3.8260000000000005
2025-01-18,2025-01-11,-1,qc,pct wk rsv lab det,quantile,0.25,6.275
2025-01-18,2025-01-11,-1,qc,pct wk rsv lab det,quantile,0.5,9.5
2025-01-18,2025-01-11,-1,qc,pct wk rsv lab det,quantile,0.75,12.2
2025-01-18,2025-01-11,-1,qc,pct wk rsv lab det,quantile,0.9,12.2
2025-01-18,2025-01-11,-1,qc,pct wk rsv lab det,quantile,0.975,12.2
2025-01-18,2025-01-11,-1,on,pct wk rsv lab det,quantile,0.025,0
2025-01-18,2025-01-11,-1,on,pct wk rsv lab det,quantile,0.1,1.0260000000000007
2025-01-18,2025-01-11,-1,on,pct wk rsv lab det,quantile,0.25,3.4750000000000005
2025-01-18,2025-01-11,-1,on,pct wk rsv lab det,quantile,0.5,6.7
2025-01-18,2025-01-11,-1,on,pct wk rsv lab det,quantile,0.75,7.6
2025-01-18,2025-01-11,-1,on,pct wk rsv lab det,quantile,0.9,7.6
2025-01-18,2025-01-11,-1,on,pct wk rsv lab det,quantile,0.975,9.995124999999954
2025-01-18,2025-01-11,-1,prairies,pct wk rsv lab det,quantile,0.025,3.442
2025-01-18,2025-01-11,-1,prairies,pct wk rsv lab det,quantile,0.1,6.226000000000001
2025-01-18,2025-01-11,-1,prairies,pct wk rsv lab det,quantile,0.25,8.675
2025-01-18,2025-01-11,-1,prairies,pct wk rsv lab det,quantile,0.5,11.9
2025-01-18,2025-01-11,-1,prairies,pct wk rsv lab det,quantile,0.75,13.7
2025-01-18,2025-01-11,-1,prairies,pct wk rsv lab det,quantile,0.9,13.7
2025-01-18,2025-01-11,-1,prairies,pct wk rsv lab det,quantile,0.975,13.7
2025-01-18,2025-01-11,-1,bc,pct wk rsv lab det,quantile,0.025,0.9420000000000002
2025-01-18,2025-01-11,-1,bc,pct wk rsv lab det,quantile,0.1,3.726000000000001
2025-01-18,2025-01-11,-1,bc,pct wk rsv lab det,quantile,0.25,6.175000000000001
2025-01-18,2025-01-11,-1,bc,pct wk rsv lab det,quantile,0.5,9.4
2025-01-18,2025-01-11,-1,bc,pct wk rsv lab det,quantile,0.75,11.4
2025-01-18,2025-01-11,-1,bc,pct wk rsv lab det,quantile,0.9,11.4
2025-01-18,2025-01-11,-1,bc,pct wk rsv lab det,quantile,0.975,11.4
2025-01-18,2025-01-11,-1,territories,pct wk rsv lab det,quantile,0.025,0
2025-01-18,2025-01-11,-1,territories,pct wk rsv lab det,quantile,0.1,0
2025-01-18,2025-01-11,-1,territories,pct wk rsv lab det,quantile,0.25,0
2025-01-18,2025-01-11,-1,territories,pct wk rsv lab det,quantile,0.5,2.3
2025-01-18,2025-01-11,-1,territories,pct wk rsv lab det,quantile,0.75,5.084999999999998
2025-01-18,2025-01-11,-1,territories,pct wk rsv lab det,quantile,0.9,8.771
2025-01-18,2025-01-11,-1,territories,pct wk rsv lab det,quantile,0.975,10.2
2025-01-18,2025-01-18,0,ca,pct wk rsv lab det,quantile,0.025,1.3237500000000022
2025-01-18,2025-01-18,0,ca,pct wk rsv lab det,quantile,0.1,3.854000000000001
2025-01-18,2025-01-18,0,ca,pct wk rsv lab det,quantile,0.25,6.375000000000002
2025-01-18,2025-01-18,0,ca,pct wk rsv lab det,quantile,0.5,9.4
2025-01-18,2025-01-18,0,ca,pct wk rsv lab det,quantile,0.75,10.8
2025-01-18,2025-01-18,0,ca,pct wk rsv lab det,quantile,0.9,11.87175
2025-01-18,2025-01-18,0,ca,pct wk rsv lab det,quantile,0.975,17.364937499999925
2025-01-18,2025-01-18,0,atlantic,pct wk rsv lab det,quantile,0.025,0.9237500000000018
2025-01-18,2025-01-18,0,atlantic,pct wk rsv lab det,quantile,0.1,3.4540000000000006
2025-01-18,2025-01-18,0,atlantic,pct wk rsv lab det,quantile,0.25,5.975000000000001
2025-01-18,2025-01-18,0,atlantic,pct wk rsv lab det,quantile,0.5,9
2025-01-18,2025-01-18,0,atlantic,pct wk rsv lab det,quantile,0.75,9.7
2025-01-18,2025-01-18,0,atlantic,pct wk rsv lab det,quantile,0.9,11.57175
2025-01-18,2025-01-18,0,atlantic,pct wk rsv lab det,quantile,0.975,17.064937499999925
2025-01-18,2025-01-18,0,qc,pct wk rsv lab det,quantile,0.025,3.4337500000000016
2025-01-18,2025-01-18,0,qc,pct wk rsv lab det,quantile,0.1,5.964
2025-01-18,2025-01-18,0,qc,pct wk rsv lab det,quantile,0.25,8.485000000000001
2025-01-18,2025-01-18,0,qc,pct wk rsv lab det,quantile,0.5,11.51
2025-01-18,2025-01-18,0,qc,pct wk rsv lab det,quantile,0.75,12.2
2025-01-18,2025-01-18,0,qc,pct wk rsv lab det,quantile,0.9,13.45425
2025-01-18,2025-01-18,0,qc,pct wk rsv lab det,quantile,0.975,18.947437499999925
2025-01-18,2025-01-18,0,on,pct wk rsv lab det,quantile,0.025,0.8237500000000022
2025-01-18,2025-01-18,0,on,pct wk rsv lab det,quantile,0.1,3.354000000000001
2025-01-18,2025-01-18,0,on,pct wk rsv lab det,quantile,0.25,5.875000000000002
2025-01-18,2025-01-18,0,on,pct wk rsv lab det,quantile,0.5,7.6
2025-01-18,2025-01-18,0,on,pct wk rsv lab det,quantile,0.75,8.812500000000002
2025-01-18,2025-01-18,0,on,pct wk rsv lab det,quantile,0.9,11.49675
2025-01-18,2025-01-18,0,on,pct wk rsv lab det,quantile,0.975,16.989937499999925
2025-01-18,2025-01-18,0,prairies,pct wk rsv lab det,quantile,0.025,0
2025-01-18,2025-01-18,0,prairies,pct wk rsv lab det,quantile,0.1,1.5540000000000003
2025-01-18,2025-01-18,0,prairies,pct wk rsv lab det,quantile,0.25,4.075000000000001
2025-01-18,2025-01-18,0,prairies,pct wk rsv lab det,quantile,0.5,7.1
2025-01-18,2025-01-18,0,prairies,pct wk rsv lab det,quantile,0.75,9.950000000000001
2025-01-18,2025-01-18,0,prairies,pct wk rsv lab det,quantile,0.9,13.529
2025-01-18,2025-01-18,0,prairies,pct wk rsv lab det,quantile,0.975,15.639937499999922
2025-01-18,2025-01-18,0,bc,pct wk rsv lab det,quantile,0.025,1.3237500000000022
2025-01-18,2025-01-18,0,bc,pct wk rsv lab det,quantile,0.1,3.854000000000001
2025-01-18,2025-01-18,0,bc,pct wk rsv lab det,quantile,0.25,6.375000000000002
2025-01-18,2025-01-18,0,bc,pct wk rsv lab det,quantile,0.5,9.4
2025-01-18,2025-01-18,0,bc,pct wk rsv lab det,quantile,0.75,11.4
2025-01-18,2025-01-18,0,bc,pct wk rsv lab det,quantile,0.9,11.87175
2025-01-18,2025-01-18,0,bc,pct wk rsv lab det,quantile,0.975,17.364937499999925
2025-01-18,2025-01-18,0,territories,pct wk rsv lab det,quantile,0.025,0
2025-01-18,2025-01-18,0,territories,pct wk rsv lab det,quantile,0.1,2.194000000000001
2025-01-18,2025-01-18,0,territories,pct wk rsv lab det,quantile,0.25,4.715000000000002
2025-01-18,2025-01-18,0,territories,pct wk rsv lab det,quantile,0.5,7.74
2025-01-18,2025-01-18,0,territories,pct wk rsv lab det,quantile,0.75,10.2
2025-01-18,2025-01-18,0,territories,pct wk rsv lab det,quantile,0.9,10.626750000000001
2025-01-18,2025-01-18,0,territories,pct wk rsv lab det,quantile,0.975,16.11993749999992
2025-01-18,2025-01-25,1,ca,pct wk rsv lab det,quantile,0.025,0.21000000000000085
2025-01-18,2025-01-25,1,ca,pct wk rsv lab det,quantile,0.1,3.822000000000001
2025-01-18,2025-01-25,1,ca,pct wk rsv lab det,quantile,0.25,6.3100000000000005
2025-01-18,2025-01-25,1,ca,pct wk rsv lab det,quantile,0.5,9.3
2025-01-18,2025-01-25,1,ca,pct wk rsv lab det,quantile,0.75,11.2005
2025-01-18,2025-01-25,1,ca,pct wk rsv lab det,quantile,0.9,14.214600000000003
2025-01-18,2025-01-25,1,ca,pct wk rsv lab det,quantile,0.975,19.979999999999897
2025-01-18,2025-01-25,1,atlantic,pct wk rsv lab det,quantile,0.025,0.10999999999999943
2025-01-18,2025-01-25,1,atlantic,pct wk rsv lab det,quantile,0.1,3.7219999999999995
2025-01-18,2025-01-25,1,atlantic,pct wk rsv lab det,quantile,0.25,6.209999999999999
2025-01-18,2025-01-25,1,atlantic,pct wk rsv lab det,quantile,0.5,9.2
2025-01-18,2025-01-25,1,atlantic,pct wk rsv lab det,quantile,0.75,11.1105
2025-01-18,2025-01-25,1,atlantic,pct wk rsv lab det,quantile,0.9,14.124600000000001
2025-01-18,2025-01-25,1,atlantic,pct wk rsv lab det,quantile,0.975,19.889999999999898
2025-01-18,2025-01-25,1,qc,pct wk rsv lab det,quantile,0.025,2.4499999999999993
2025-01-18,2025-01-25,1,qc,pct wk rsv lab det,quantile,0.1,6.061999999999999
2025-01-18,2025-01-25,1,qc,pct wk rsv lab det,quantile,0.25,8.549999999999999
2025-01-18,2025-01-25,1,qc,pct wk rsv lab det,quantile,0.5,11.54
2025-01-18,2025-01-25,1,qc,pct wk rsv lab det,quantile,0.75,13.2165
2025-01-18,2025-01-25,1,qc,pct wk rsv lab det,quantile,0.9,16.2306
2025-01-18,2025-01-25,1,qc,pct wk rsv lab det,quantile,0.975,21.995999999999896
2025-01-18,2025-01-25,1,on,pct wk rsv lab det,quantile,0.025,0
2025-01-18,2025-01-25,1,on,pct wk rsv lab det,quantile,0.1,2.9220000000000006
2025-01-18,2025-01-25,1,on,pct wk rsv lab det,quantile,0.25,5.41
2025-01-18,2025-01-25,1,on,pct wk rsv lab det,quantile,0.5,7.6
2025-01-18,2025-01-25,1,on,pct wk rsv lab det,quantile,0.75,10.3905
2025-01-18,2025-01-25,1,on,pct wk rsv lab det,quantile,0.9,13.404600000000002
2025-01-18,2025-01-25,1,on,pct wk rsv lab det,quantile,0.975,19.169999999999895
2025-01-18,2025-01-25,1,prairies,pct wk rsv lab det,quantile,0.025,0
2025-01-18,2025-01-25,1,prairies,pct wk rsv lab det,quantile,0.1,1.6219999999999999
2025-01-18,2025-01-25,1,prairies,pct wk rsv lab det,quantile,0.25,4.109999999999999
2025-01-18,2025-01-25,1,prairies,pct wk rsv lab det,quantile,0.5,7.1
2025-01-18,2025-01-25,1,prairies,pct wk rsv lab det,quantile,0.75,10.245
2025-01-18,2025-01-25,1,prairies,pct wk rsv lab det,quantile,0.9,13.594000000000001
2025-01-18,2025-01-25,1,prairies,pct wk rsv lab det,quantile,0.975,17.999999999999897
2025-01-18,2025-01-25,1,bc,pct wk rsv lab det,quantile,0.025,0
2025-01-18,2025-01-25,1,bc,pct wk rsv lab det,quantile,0.1,3.1720000000000006
2025-01-18,2025-01-25,1,bc,pct wk rsv lab det,quantile,0.25,5.66
2025-01-18,2025-01-25,1,bc,pct wk rsv lab det,quantile,0.5,8.65
2025-01-18,2025-01-25,1,bc,pct wk rsv lab det,quantile,0.75,11.4
2025-01-18,2025-01-25,1,bc,pct wk rsv lab det,quantile,0.9,13.629600000000002
2025-01-18,2025-01-25,1,bc,pct wk rsv lab det,quantile,0.975,19.394999999999897
2025-01-18,2025-01-25,1,territories,pct wk rsv lab det,quantile,0.025,0
2025-01-18,2025-01-25,1,territories,pct wk rsv lab det,quantile,0.1,2.2120000000000006
2025-01-18,2025-01-25,1,territories,pct wk rsv lab det,quantile,0.25,4.7
2025-01-18,2025-01-25,1,territories,pct wk rsv lab det,quantile,0.5,7.69
2025-01-18,2025-01-25,1,territories,pct wk rsv lab det,quantile,0.75,10.2
2025-01-18,2025-01-25,1,territories,pct wk rsv lab det,quantile,0.9,12.765600000000001
2025-01-18,2025-01-25,1,territories,pct wk rsv lab det,quantile,0.975,18.5309999999999
2025-01-18,2025-02-01,2,ca,pct wk rsv lab det,quantile,0.025,1.205
2025-01-18,2025-02-01,2,ca,pct wk rsv lab det,quantile,0.1,4.122000000000001
2025-01-18,2025-02-01,2,ca,pct wk rsv lab det,quantile,0.25,6.095000000000001
2025-01-18,2025-02-01,2,ca,pct wk rsv lab det,quantile,0.5,9
2025-01-18,2025-02-01,2,ca,pct wk rsv lab det,quantile,0.75,12.715000000000002
2025-01-18,2025-02-01,2,ca,pct wk rsv lab det,quantile,0.9,15.988000000000008
2025-01-18,2025-02-01,2,ca,pct wk rsv lab det,quantile,0.975,24.624999999999964
2025-01-18,2025-02-01,2,atlantic,pct wk rsv lab det,quantile,0.025,1.4049999999999994
2025-01-18,2025-02-01,2,atlantic,pct wk rsv lab det,quantile,0.1,4.322
2025-01-18,2025-02-01,2,atlantic,pct wk rsv lab det,quantile,0.25,6.295
2025-01-18,2025-02-01,2,atlantic,pct wk rsv lab det,quantile,0.5,9.2
2025-01-18,2025-02-01,2,atlantic,pct wk rsv lab det,quantile,0.75,12.915000000000001
2025-01-18,2025-02-01,2,atlantic,pct wk rsv lab det,quantile,0.9,16.18800000000001
2025-01-18,2025-02-01,2,atlantic,pct wk rsv lab det,quantile,0.975,24.82499999999996
2025-01-18,2025-02-01,2,qc,pct wk rsv lab det,quantile,0.025,3.744999999999999
2025-01-18,2025-02-01,2,qc,pct wk rsv lab det,quantile,0.1,6.662
2025-01-18,2025-02-01,2,qc,pct wk rsv lab det,quantile,0.25,8.635
2025-01-18,2025-02-01,2,qc,pct wk rsv lab det,quantile,0.5,11.54
2025-01-18,2025-02-01,2,qc,pct wk rsv lab det,quantile,0.75,15.255
2025-01-18,2025-02-01,2,qc,pct wk rsv lab det,quantile,0.9,18.528000000000006
2025-01-18,2025-02-01,2,qc,pct wk rsv lab det,quantile,0.975,27.164999999999964
2025-01-18,2025-02-01,2,on,pct wk rsv lab det,quantile,0.025,0.3849999999999998
2025-01-18,2025-02-01,2,on,pct wk rsv lab det,quantile,0.1,3.3020000000000005
2025-01-18,2025-02-01,2,on,pct wk rsv lab det,quantile,0.25,5.275
2025-01-18,2025-02-01,2,on,pct wk rsv lab det,quantile,0.5,8.18
2025-01-18,2025-02-01,2,on,pct wk rsv lab det,quantile,0.75,11.895000000000001
2025-01-18,2025-02-01,2,on,pct wk rsv lab det,quantile,0.9,15.168000000000008
2025-01-18,2025-02-01,2,on,pct wk rsv lab det,quantile,0.975,23.804999999999964
2025-01-18,2025-02-01,2,prairies,pct wk rsv lab det,quantile,0.025,0
2025-01-18,2025-02-01,2,prairies,pct wk rsv lab det,quantile,0.1,1.9220000000000006
2025-01-18,2025-02-01,2,prairies,pct wk rsv lab det,quantile,0.25,3.8950000000000005
2025-01-18,2025-02-01,2,prairies,pct wk rsv lab det,quantile,0.5,6.8
2025-01-18,2025-02-01,2,prairies,pct wk rsv lab det,quantile,0.75,10.515
2025-01-18,2025-02-01,2,prairies,pct wk rsv lab det,quantile,0.9,13.788000000000007
2025-01-18,2025-02-01,2,prairies,pct wk rsv lab det,quantile,0.975,22.42499999999996
2025-01-18,2025-02-01,2,bc,pct wk rsv lab det,quantile,0.025,0.025000000000000355
2025-01-18,2025-02-01,2,bc,pct wk rsv lab det,quantile,0.1,2.942000000000001
2025-01-18,2025-02-01,2,bc,pct wk rsv lab det,quantile,0.25,4.915000000000001
2025-01-18,2025-02-01,2,bc,pct wk rsv lab det,quantile,0.5,7.82
2025-01-18,2025-02-01,2,bc,pct wk rsv lab det,quantile,0.75,11.535000000000002
2025-01-18,2025-02-01,2,bc,pct wk rsv lab det,quantile,0.9,14.808000000000009
2025-01-18,2025-02-01,2,bc,pct wk rsv lab det,quantile,0.975,23.444999999999965
2025-01-18,2025-02-01,2,territories,pct wk rsv lab det,quantile,0.025,0.01499999999999968
2025-01-18,2025-02-01,2,territories,pct wk rsv lab det,quantile,0.1,2.9320000000000004
2025-01-18,2025-02-01,2,territories,pct wk rsv lab det,quantile,0.25,4.905
2025-01-18,2025-02-01,2,territories,pct wk rsv lab det,quantile,0.5,7.81
2025-01-18,2025-02-01,2,territories,pct wk rsv lab det,quantile,0.75,11.525000000000002
2025-01-18,2025-02-01,2,territories,pct wk rsv lab det,quantile,0.9,14.798000000000009
2025-01-18,2025-02-01,2,territories,pct wk rsv lab det,quantile,0.975,23.434999999999963
2025-01-18,2025-02-08,3,ca,pct wk rsv lab det,quantile,0.025,1.3750000000000009
2025-01-18,2025-02-08,3,ca,pct wk rsv lab det,quantile,0.1,4.344000000000001
2025-01-18,2025-02-08,3,ca,pct wk rsv lab det,quantile,0.25,6.300000000000001
2025-01-18,2025-02-08,3,ca,pct wk rsv lab det,quantile,0.5,8.97
2025-01-18,2025-02-08,3,ca,pct wk rsv lab det,quantile,0.75,12.81
2025-01-18,2025-02-08,3,ca,pct wk rsv lab det,quantile,0.9,16.42000000000001
2025-01-18,2025-02-08,3,ca,pct wk rsv lab det,quantile,0.975,25.575999999999986
2025-01-18,2025-02-08,3,atlantic,pct wk rsv lab det,quantile,0.025,2.0949999999999998
2025-01-18,2025-02-08,3,atlantic,pct wk rsv lab det,quantile,0.1,5.064
2025-01-18,2025-02-08,3,atlantic,pct wk rsv lab det,quantile,0.25,7.02
2025-01-18,2025-02-08,3,atlantic,pct wk rsv lab det,quantile,0.5,9.69
2025-01-18,2025-02-08,3,atlantic,pct wk rsv lab det,quantile,0.75,13.53
2025-01-18,2025-02-08,3,atlantic,pct wk rsv lab det,quantile,0.9,17.140000000000008
2025-01-18,2025-02-08,3,atlantic,pct wk rsv lab det,quantile,0.975,26.295999999999985
2025-01-18,2025-02-08,3,qc,pct wk rsv lab det,quantile,0.025,4.6049999999999995
2025-01-18,2025-02-08,3,qc,pct wk rsv lab det,quantile,0.1,7.574
2025-01-18,2025-02-08,3,qc,pct wk rsv lab det,quantile,0.25,9.53
2025-01-18,2025-02-08,3,qc,pct wk rsv lab det,quantile,0.5,12.2
2025-01-18,2025-02-08,3,qc,pct wk rsv lab det,quantile,0.75,16.04
2025-01-18,2025-02-08,3,qc,pct wk rsv lab det,quantile,0.9,19.650000000000006
2025-01-18,2025-02-08,3,qc,pct wk rsv lab det,quantile,0.975,28.805999999999987
2025-01-18,2025-02-08,3,on,pct wk rsv lab det,quantile,0.025,0.40500000000000025
2025-01-18,2025-02-08,3,on,pct wk rsv lab det,quantile,0.1,3.3740000000000006
2025-01-18,2025-02-08,3,on,pct wk rsv lab det,quantile,0.25,5.33
2025-01-18,2025-02-08,3,on,pct wk rsv lab det,quantile,0.5,8
2025-01-18,2025-02-08,3,on,pct wk rsv lab det,quantile,0.75,11.84
2025-01-18,2025-02-08,3,on,pct wk rsv lab det,quantile,0.9,15.450000000000008
2025-01-18,2025-02-08,3,on,pct wk rsv lab det,quantile,0.975,24.605999999999987
2025-01-18,2025-02-08,3,prairies,pct wk rsv lab det,quantile,0.025,0
2025-01-18,2025-02-08,3,prairies,pct wk rsv lab det,quantile,0.1,2.274000000000001
2025-01-18,2025-02-08,3,prairies,pct wk rsv lab det,quantile,0.25,4.23
2025-01-18,2025-02-08,3,prairies,pct wk rsv lab det,quantile,0.5,6.9
2025-01-18,2025-02-08,3,prairies,pct wk rsv lab det,quantile,0.75,10.74
2025-01-18,2025-02-08,3,prairies,pct wk rsv lab det,quantile,0.9,14.350000000000009
2025-01-18,2025-02-08,3,prairies,pct wk rsv lab det,quantile,0.975,23.505999999999986
2025-01-18,2025-02-08,3,bc,pct wk rsv lab det,quantile,0.025,0.7350000000000003
2025-01-18,2025-02-08,3,bc,pct wk rsv lab det,quantile,0.1,3.7040000000000006
2025-01-18,2025-02-08,3,bc,pct wk rsv lab det,quantile,0.25,5.66
2025-01-18,2025-02-08,3,bc,pct wk rsv lab det,quantile,0.5,8.33
2025-01-18,2025-02-08,3,bc,pct wk rsv lab det,quantile,0.75,12.17
2025-01-18,2025-02-08,3,bc,pct wk rsv lab det,quantile,0.9,15.780000000000008
2025-01-18,2025-02-08,3,bc,pct wk rsv lab det,quantile,0.975,24.935999999999986
2025-01-18,2025-02-08,3,territories,pct wk rsv lab det,quantile,0.025,0.21499999999999986
2025-01-18,2025-02-08,3,territories,pct wk rsv lab det,quantile,0.1,3.184
2025-01-18,2025-02-08,3,territories,pct wk rsv lab det,quantile,0.25,5.14
2025-01-18,2025-02-08,3,territories,pct wk rsv lab det,quantile,0.5,7.81
2025-01-18,2025-02-08,3,territories,pct wk rsv lab det,quantile,0.75,11.649999999999999
2025-01-18,2025-02-08,3,territories,pct wk rsv lab det,quantile,0.9,15.260000000000009
2025-01-18,2025-02-08,3,territories,pct wk rsv lab det,quantile,0.975,24.415999999999986
2025-01-18,2025-01-11,-1,ca,pct wk covid lab det,quantile,0.025,1.8600000000000003
2025-01-18,2025-01-11,-1,ca,pct wk covid lab det,quantile,0.1,3.7040000000000006
2025-01-18,2025-01-11,-1,ca,pct wk covid lab det,quantile,0.25,6.790000000000001
2025-01-18,2025-01-11,-1,ca,pct wk covid lab det,quantile,0.5,8.5
2025-01-18,2025-01-11,-1,ca,pct wk covid lab det,quantile,0.75,9.2
2025-01-18,2025-01-11,-1,ca,pct wk covid lab det,quantile,0.9,9.2
2025-01-18,2025-01-11,-1,ca,pct wk covid lab det,quantile,0.975,9.2
2025-01-18,2025-01-11,-1,atlantic,pct wk covid lab det,quantile,0.025,0
2025-01-18,2025-01-11,-1,atlantic,pct wk covid lab det,quantile,0.1,1.8040000000000003
2025-01-18,2025-01-11,-1,atlantic,pct wk covid lab det,quantile,0.25,4.890000000000001
2025-01-18,2025-01-11,-1,atlantic,pct wk covid lab det,quantile,0.5,6.6
2025-01-18,2025-01-11,-1,atlantic,pct wk covid lab det,quantile,0.75,6.6
2025-01-18,2025-01-11,-1,atlantic,pct wk covid lab det,quantile,0.9,6.615
2025-01-18,2025-01-11,-1,atlantic,pct wk covid lab det,quantile,0.975,7.570999999999998
2025-01-18,2025-01-11,-1,qc,pct wk covid lab det,quantile,0.025,2.2600000000000007
2025-01-18,2025-01-11,-1,qc,pct wk covid lab det,quantile,0.1,4.104000000000001
2025-01-18,2025-01-11,-1,qc,pct wk covid lab det,quantile,0.25,7.190000000000001
2025-01-18,2025-01-11,-1,qc,pct wk covid lab det,quantile,0.5,8.9
2025-01-18,2025-01-11,-1,qc,pct wk covid lab det,quantile,0.75,9.6
2025-01-18,2025-01-11,-1,qc,pct wk covid lab det,quantile,0.9,9.6
2025-01-18,2025-01-11,-1,qc,pct wk covid lab det,quantile,0.975,9.6
2025-01-18,2025-01-11,-1,on,pct wk covid lab det,quantile,0.025,6.86
2025-01-18,2025-01-11,-1,on,pct wk covid lab det,quantile,0.1,8.704
2025-01-18,2025-01-11,-1,on,pct wk covid lab det,quantile,0.25,11.790000000000001
2025-01-18,2025-01-11,-1,on,pct wk covid lab det,quantile,0.5,13.5
2025-01-18,2025-01-11,-1,on,pct wk covid lab det,quantile,0.75,14.5
2025-01-18,2025-01-11,-1,on,pct wk covid lab det,quantile,0.9,14.5
2025-01-18,2025-01-11,-1,on,pct wk covid lab det,quantile,0.975,14.5
2025-01-18,2025-01-11,-1,prairies,pct wk covid lab det,quantile,0.025,0
2025-01-18,2025-01-11,-1,prairies,pct wk covid lab det,quantile,0.1,0.10400000000000098
2025-01-18,2025-01-11,-1,prairies,pct wk covid lab det,quantile,0.25,3.1900000000000013
2025-01-18,2025-01-11,-1,prairies,pct wk covid lab det,quantile,0.5,4.9
2025-01-18,2025-01-11,-1,prairies,pct wk covid lab det,quantile,0.75,6
2025-01-18,2025-01-11,-1,prairies,pct wk covid lab det,quantile,0.9,6
2025-01-18,2025-01-11,-1,prairies,pct wk covid lab det,quantile,0.975,6.720999999999998
2025-01-18,2025-01-11,-1,bc,pct wk covid lab det,quantile,0.025,0
2025-01-18,2025-01-11,-1,bc,pct wk covid lab det,quantile,0.1,0
2025-01-18,2025-01-11,-1,bc,pct wk covid lab det,quantile,0.25,2.6900000000000013
2025-01-18,2025-01-11,-1,bc,pct wk covid lab det,quantile,0.5,4.4
2025-01-18,2025-01-11,-1,bc,pct wk covid lab det,quantile,0.75,4.8
2025-01-18,2025-01-11,-1,bc,pct wk covid lab det,quantile,0.9,5.515000000000001
2025-01-18,2025-01-11,-1,bc,pct wk covid lab det,quantile,0.975,6.470999999999998
2025-01-18,2025-01-11,-1,territories,pct wk covid lab det,quantile,0.025,0
2025-01-18,2025-01-11,-1,territories,pct wk covid lab det,quantile,0.1,0
2025-01-18,2025-01-11,-1,territories,pct wk covid lab det,quantile,0.25,1.5900000000000007
2025-01-18,2025-01-11,-1,territories,pct wk covid lab det,quantile,0.5,3.3
2025-01-18,2025-01-11,-1,territories,pct wk covid lab det,quantile,0.75,3.9
2025-01-18,2025-01-11,-1,territories,pct wk covid lab det,quantile,0.9,4.965
2025-01-18,2025-01-11,-1,territories,pct wk covid lab det,quantile,0.975,5.920999999999998
2025-01-18,2025-01-18,0,ca,pct wk covid lab det,quantile,0.025,5.320000000000001
2025-01-18,2025-01-18,0,ca,pct wk covid lab det,quantile,0.1,7.246
2025-01-18,2025-01-18,0,ca,pct wk covid lab det,quantile,0.25,9.2
2025-01-18,2025-01-18,0,ca,pct wk covid lab det,quantile,0.5,9.2
2025-01-18,2025-01-18,0,ca,pct wk covid lab det,quantile,0.75,11.2725
2025-01-18,2025-01-18,0,ca,pct wk covid lab det,quantile,0.9,13.741500000000002
2025-01-18,2025-01-18,0,ca,pct wk covid lab det,quantile,0.975,14.885999999999994
2025-01-18,2025-01-18,0,atlantic,pct wk covid lab det,quantile,0.025,6.46
2025-01-18,2025-01-18,0,atlantic,pct wk covid lab det,quantile,0.1,6.6
2025-01-18,2025-01-18,0,atlantic,pct wk covid lab det,quantile,0.25,8.325
2025-01-18,2025-01-18,0,atlantic,pct wk covid lab det,quantile,0.5,9.524999999999999
2025-01-18,2025-01-18,0,atlantic,pct wk covid lab det,quantile,0.75,12.127500000000001
2025-01-18,2025-01-18,0,atlantic,pct wk covid lab det,quantile,0.9,14.596500000000002
2025-01-18,2025-01-18,0,atlantic,pct wk covid lab det,quantile,0.975,15.740999999999994
2025-01-18,2025-01-18,0,qc,pct wk covid lab det,quantile,0.025,4.29
2025-01-18,2025-01-18,0,qc,pct wk covid lab det,quantile,0.1,6.215999999999999
2025-01-18,2025-01-18,0,qc,pct wk covid lab det,quantile,0.25,8.93
2025-01-18,2025-01-18,0,qc,pct wk covid lab det,quantile,0.5,9.6
2025-01-18,2025-01-18,0,qc,pct wk covid lab det,quantile,0.75,10.5
2025-01-18,2025-01-18,0,qc,pct wk covid lab det,quantile,0.9,12.969000000000001
2025-01-18,2025-01-18,0,qc,pct wk covid lab det,quantile,0.975,14.113499999999993
2025-01-18,2025-01-18,0,on,pct wk covid lab det,quantile,0.025,8.060000000000002
2025-01-18,2025-01-18,0,on,pct wk covid lab det,quantile,0.1,9.986
2025-01-18,2025-01-18,0,on,pct wk covid lab det,quantile,0.25,12.700000000000001
2025-01-18,2025-01-18,0,on,pct wk covid lab det,quantile,0.5,14.3
2025-01-18,2025-01-18,0,on,pct wk covid lab det,quantile,0.75,14.5
2025-01-18,2025-01-18,0,on,pct wk covid lab det,quantile,0.9,15.796500000000004
2025-01-18,2025-01-18,0,on,pct wk covid lab det,quantile,0.975,16.940999999999995
2025-01-18,2025-01-18,0,prairies,pct wk covid lab det,quantile,0.025,3.3600000000000003
2025-01-18,2025-01-18,0,prairies,pct wk covid lab det,quantile,0.1,5.286
2025-01-18,2025-01-18,0,prairies,pct wk covid lab det,quantile,0.25,6
2025-01-18,2025-01-18,0,prairies,pct wk covid lab det,quantile,0.5,7.199999999999999
2025-01-18,2025-01-18,0,prairies,pct wk covid lab det,quantile,0.75,9.8025
2025-01-18,2025-01-18,0,prairies,pct wk covid lab det,quantile,0.9,12.271500000000001
2025-01-18,2025-01-18,0,prairies,pct wk covid lab det,quantile,0.975,13.415999999999993
2025-01-18,2025-01-18,0,bc,pct wk covid lab det,quantile,0.025,4.36
2025-01-18,2025-01-18,0,bc,pct wk covid lab det,quantile,0.1,4.8
2025-01-18,2025-01-18,0,bc,pct wk covid lab det,quantile,0.25,6.75
2025-01-18,2025-01-18,0,bc,pct wk covid lab det,quantile,0.5,7.949999999999999
2025-01-18,2025-01-18,0,bc,pct wk covid lab det,quantile,0.75,10.5525
2025-01-18,2025-01-18,0,bc,pct wk covid lab det,quantile,0.9,13.021500000000001
2025-01-18,2025-01-18,0,bc,pct wk covid lab det,quantile,0.975,14.165999999999993
2025-01-18,2025-01-18,0,territories,pct wk covid lab det,quantile,0.025,0.0600000000000005
2025-01-18,2025-01-18,0,territories,pct wk covid lab det,quantile,0.1,1.9859999999999998
2025-01-18,2025-01-18,0,territories,pct wk covid lab det,quantile,0.25,3.9
2025-01-18,2025-01-18,0,territories,pct wk covid lab det,quantile,0.5,4.725
2025-01-18,2025-01-18,0,territories,pct wk covid lab det,quantile,0.75,7.3275
2025-01-18,2025-01-18,0,territories,pct wk covid lab det,quantile,0.9,9.796500000000004
2025-01-18,2025-01-18,0,territories,pct wk covid lab det,quantile,0.975,10.940999999999995
2025-01-18,2025-01-25,1,ca,pct wk covid lab det,quantile,0.025,5.040000000000001
2025-01-18,2025-01-25,1,ca,pct wk covid lab det,quantile,0.1,7.080000000000001
2025-01-18,2025-01-25,1,ca,pct wk covid lab det,quantile,0.25,9.2
2025-01-18,2025-01-25,1,ca,pct wk covid lab det,quantile,0.5,10.404
2025-01-18,2025-01-25,1,ca,pct wk covid lab det,quantile,0.75,12.393
2025-01-18,2025-01-25,1,ca,pct wk covid lab det,quantile,0.9,14.340600000000002
2025-01-18,2025-01-25,1,ca,pct wk covid lab det,quantile,0.975,17.078400000000002
2025-01-18,2025-01-25,1,atlantic,pct wk covid lab det,quantile,0.025,5.48
2025-01-18,2025-01-25,1,atlantic,pct wk covid lab det,quantile,0.1,6.768000000000001
2025-01-18,2025-01-25,1,atlantic,pct wk covid lab det,quantile,0.25,8.91
2025-01-18,2025-01-25,1,atlantic,pct wk covid lab det,quantile,0.5,10.8
2025-01-18,2025-01-25,1,atlantic,pct wk covid lab det,quantile,0.75,12.789000000000001
2025-01-18,2025-01-25,1,atlantic,pct wk covid lab det,quantile,0.9,14.736600000000003
2025-01-18,2025-01-25,1,atlantic,pct wk covid lab det,quantile,0.975,17.474400000000003
2025-01-18,2025-01-25,1,qc,pct wk covid lab det,quantile,0.025,4.18
2025-01-18,2025-01-25,1,qc,pct wk covid lab det,quantile,0.1,6.22
2025-01-18,2025-01-25,1,qc,pct wk covid lab det,quantile,0.25,8.6
2025-01-18,2025-01-25,1,qc,pct wk covid lab det,quantile,0.5,9.629999999999999
2025-01-18,2025-01-25,1,qc,pct wk covid lab det,quantile,0.75,11.619
2025-01-18,2025-01-25,1,qc,pct wk covid lab det,quantile,0.9,13.566600000000001
2025-01-18,2025-01-25,1,qc,pct wk covid lab det,quantile,0.975,16.3044
2025-01-18,2025-01-25,1,on,pct wk covid lab det,quantile,0.025,6.98
2025-01-18,2025-01-25,1,on,pct wk covid lab det,quantile,0.1,9.02
2025-01-18,2025-01-25,1,on,pct wk covid lab det,quantile,0.25,11.4
2025-01-18,2025-01-25,1,on,pct wk covid lab det,quantile,0.5,13.5
2025-01-18,2025-01-25,1,on,pct wk covid lab det,quantile,0.75,14.5
2025-01-18,2025-01-25,1,on,pct wk covid lab det,quantile,0.9,16.086600000000004
2025-01-18,2025-01-25,1,on,pct wk covid lab det,quantile,0.975,18.824400000000004
2025-01-18,2025-01-25,1,prairies,pct wk covid lab det,quantile,0.025,2.6799999999999997
2025-01-18,2025-01-25,1,prairies,pct wk covid lab det,quantile,0.1,4.72
2025-01-18,2025-01-25,1,prairies,pct wk covid lab det,quantile,0.25,6.39
2025-01-18,2025-01-25,1,prairies,pct wk covid lab det,quantile,0.5,8.28
2025-01-18,2025-01-25,1,prairies,pct wk covid lab det,quantile,0.75,10.269
2025-01-18,2025-01-25,1,prairies,pct wk covid lab det,quantile,0.9,12.216600000000001
2025-01-18,2025-01-25,1,prairies,pct wk covid lab det,quantile,0.975,14.9544
2025-01-18,2025-01-25,1,bc,pct wk covid lab det,quantile,0.025,4.190000000000001
2025-01-18,2025-01-25,1,bc,pct wk covid lab det,quantile,0.1,5.607000000000001
2025-01-18,2025-01-25,1,bc,pct wk covid lab det,quantile,0.25,7.7490000000000014
2025-01-18,2025-01-25,1,bc,pct wk covid lab det,quantile,0.5,9.639000000000001
2025-01-18,2025-01-25,1,bc,pct wk covid lab det,quantile,0.75,11.628000000000002
2025-01-18,2025-01-25,1,bc,pct wk covid lab det,quantile,0.9,13.575600000000003
2025-01-18,2025-01-25,1,bc,pct wk covid lab det,quantile,0.975,16.313400000000005
2025-01-18,2025-01-25,1,territories,pct wk covid lab det,quantile,0.025,0.5800000000000001
2025-01-18,2025-01-25,1,territories,pct wk covid lab det,quantile,0.1,2.62
2025-01-18,2025-01-25,1,territories,pct wk covid lab det,quantile,0.25,4.5
2025-01-18,2025-01-25,1,territories,pct wk covid lab det,quantile,0.5,6.39
2025-01-18,2025-01-25,1,territories,pct wk covid lab det,quantile,0.75,8.379000000000001
2025-01-18,2025-01-25,1,territories,pct wk covid lab det,quantile,0.9,10.326600000000003
2025-01-18,2025-01-25,1,territories,pct wk covid lab det,quantile,0.975,13.064400000000003
2025-01-18,2025-02-01,2,ca,pct wk covid lab det,quantile,0.025,5.409999999999999
2025-01-18,2025-02-01,2,ca,pct wk covid lab det,quantile,0.1,7.569999999999999
2025-01-18,2025-02-01,2,ca,pct wk covid lab det,quantile,0.25,9.77
2025-01-18,2025-02-01,2,ca,pct wk covid lab det,quantile,0.5,11.35
2025-01-18,2025-02-01,2,ca,pct wk covid lab det,quantile,0.75,13.5
2025-01-18,2025-02-01,2,ca,pct wk covid lab det,quantile,0.9,15.822
2025-01-18,2025-02-01,2,ca,pct wk covid lab det,quantile,0.975,19.189999999999998
2025-01-18,2025-02-01,2,atlantic,pct wk covid lab det,quantile,0.025,4.659999999999999
2025-01-18,2025-02-01,2,atlantic,pct wk covid lab det,quantile,0.1,6.819999999999999
2025-01-18,2025-02-01,2,atlantic,pct wk covid lab det,quantile,0.25,9.02
2025-01-18,2025-02-01,2,atlantic,pct wk covid lab det,quantile,0.5,10.6
2025-01-18,2025-02-01,2,atlantic,pct wk covid lab det,quantile,0.75,12.75
2025-01-18,2025-02-01,2,atlantic,pct wk covid lab det,quantile,0.9,15.072
2025-01-18,2025-02-01,2,atlantic,pct wk covid lab det,quantile,0.975,18.439999999999998
2025-01-18,2025-02-01,2,qc,pct wk covid lab det,quantile,0.025,3.8600000000000003
2025-01-18,2025-02-01,2,qc,pct wk covid lab det,quantile,0.1,6.0200000000000005
2025-01-18,2025-02-01,2,qc,pct wk covid lab det,quantile,0.25,8.22
2025-01-18,2025-02-01,2,qc,pct wk covid lab det,quantile,0.5,9.8
2025-01-18,2025-02-01,2,qc,pct wk covid lab det,quantile,0.75,11.950000000000001
2025-01-18,2025-02-01,2,qc,pct wk covid lab det,quantile,0.9,14.272
2025-01-18,2025-02-01,2,qc,pct wk covid lab det,quantile,0.975,17.64
2025-01-18,2025-02-01,2,on,pct wk covid lab det,quantile,0.025,6.96
2025-01-18,2025-02-01,2,on,pct wk covid lab det,quantile,0.1,9.120000000000001
2025-01-18,2025-02-01,2,on,pct wk covid lab det,quantile,0.25,11.32
2025-01-18,2025-02-01,2,on,pct wk covid lab det,quantile,0.5,12.9
2025-01-18,2025-02-01,2,on,pct wk covid lab det,quantile,0.75,15.05
2025-01-18,2025-02-01,2,on,pct wk covid lab det,quantile,0.9,17.372
2025-01-18,2025-02-01,2,on,pct wk covid lab det,quantile,0.975,20.74
2025-01-18,2025-02-01,2,prairies,pct wk covid lab det,quantile,0.025,2.919999999999999
2025-01-18,2025-02-01,2,prairies,pct wk covid lab det,quantile,0.1,5.079999999999999
2025-01-18,2025-02-01,2,prairies,pct wk covid lab det,quantile,0.25,7.279999999999999
2025-01-18,2025-02-01,2,prairies,pct wk covid lab det,quantile,0.5,8.86
2025-01-18,2025-02-01,2,prairies,pct wk covid lab det,quantile,0.75,11.01
2025-01-18,2025-02-01,2,prairies,pct wk covid lab det,quantile,0.9,13.331999999999999
2025-01-18,2025-02-01,2,prairies,pct wk covid lab det,quantile,0.975,16.699999999999996
2025-01-18,2025-02-01,2,bc,pct wk covid lab det,quantile,0.025,4.97
2025-01-18,2025-02-01,2,bc,pct wk covid lab det,quantile,0.1,7.13
2025-01-18,2025-02-01,2,bc,pct wk covid lab det,quantile,0.25,9.33
2025-01-18,2025-02-01,2,bc,pct wk covid lab det,quantile,0.5,10.91
2025-01-18,2025-02-01,2,bc,pct wk covid lab det,quantile,0.75,13.06
2025-01-18,2025-02-01,2,bc,pct wk covid lab det,quantile,0.9,15.382
2025-01-18,2025-02-01,2,bc,pct wk covid lab det,quantile,0.975,18.75
2025-01-18,2025-02-01,2,territories,pct wk covid lab det,quantile,0.025,1.1599999999999993
2025-01-18,2025-02-01,2,territories,pct wk covid lab det,quantile,0.1,3.3199999999999994
2025-01-18,2025-02-01,2,territories,pct wk covid lab det,quantile,0.25,5.52
2025-01-18,2025-02-01,2,territories,pct wk covid lab det,quantile,0.5,7.1
2025-01-18,2025-02-01,2,territories,pct wk covid lab det,quantile,0.75,9.25
2025-01-18,2025-02-01,2,territories,pct wk covid lab det,quantile,0.9,11.572
2025-01-18,2025-02-01,2,territories,pct wk covid lab det,quantile,0.975,14.939999999999998
2025-01-18,2025-02-08,3,ca,pct wk covid lab det,quantile,0.025,4.679999999999999
2025-01-18,2025-02-08,3,ca,pct wk covid lab det,quantile,0.1,6.099999999999999
2025-01-18,2025-02-08,3,ca,pct wk covid lab det,quantile,0.25,8.219999999999999
2025-01-18,2025-02-08,3,ca,pct wk covid lab det,quantile,0.5,10.2
2025-01-18,2025-02-08,3,ca,pct wk covid lab det,quantile,0.75,12.19
2025-01-18,2025-02-08,3,ca,pct wk covid lab det,quantile,0.9,14.238
2025-01-18,2025-02-08,3,ca,pct wk covid lab det,quantile,0.975,18.459999999999997
2025-01-18,2025-02-08,3,atlantic,pct wk covid lab det,quantile,0.025,3.9799999999999995
2025-01-18,2025-02-08,3,atlantic,pct wk covid lab det,quantile,0.1,5.3999999999999995
2025-01-18,2025-02-08,3,atlantic,pct wk covid lab det,quantile,0.25,7.52
2025-01-18,2025-02-08,3,atlantic,pct wk covid lab det,quantile,0.5,9.5
2025-01-18,2025-02-08,3,atlantic,pct wk covid lab det,quantile,0.75,11.49
2025-01-18,2025-02-08,3,atlantic,pct wk covid lab det,quantile,0.9,13.538
2025-01-18,2025-02-08,3,atlantic,pct wk covid lab det,quantile,0.975,17.759999999999998
2025-01-18,2025-02-08,3,qc,pct wk covid lab det,quantile,0.025,4.079999999999999
2025-01-18,2025-02-08,3,qc,pct wk covid lab det,quantile,0.1,5.499999999999999
2025-01-18,2025-02-08,3,qc,pct wk covid lab det,quantile,0.25,7.619999999999999
2025-01-18,2025-02-08,3,qc,pct wk covid lab det,quantile,0.5,9.6
2025-01-18,2025-02-08,3,qc,pct wk covid lab det,quantile,0.75,11.59
2025-01-18,2025-02-08,3,qc,pct wk covid lab det,quantile,0.9,13.638
2025-01-18,2025-02-08,3,qc,pct wk covid lab det,quantile,0.975,17.86
2025-01-18,2025-02-08,3,on,pct wk covid lab det,quantile,0.025,7.05
2025-01-18,2025-02-08,3,on,pct wk covid lab det,quantile,0.1,8.469999999999999
2025-01-18,2025-02-08,3,on,pct wk covid lab det,quantile,0.25,10.59
2025-01-18,2025-02-08,3,on,pct wk covid lab det,quantile,0.5,12.57
2025-01-18,2025-02-08,3,on,pct wk covid lab det,quantile,0.75,14.56
2025-01-18,2025-02-08,3,on,pct wk covid lab det,quantile,0.9,16.608
2025-01-18,2025-02-08,3,on,pct wk covid lab det,quantile,0.975,20.83
2025-01-18,2025-02-08,3,prairies,pct wk covid lab det,quantile,0.025,3.249999999999999
2025-01-18,2025-02-08,3,prairies,pct wk covid lab det,quantile,0.1,4.669999999999999
2025-01-18,2025-02-08,3,prairies,pct wk covid lab det,quantile,0.25,6.789999999999999
2025-01-18,2025-02-08,3,prairies,pct wk covid lab det,quantile,0.5,8.77
2025-01-18,2025-02-08,3,prairies,pct wk covid lab det,quantile,0.75,10.76
2025-01-18,2025-02-08,3,prairies,pct wk covid lab det,quantile,0.9,12.808
2025-01-18,2025-02-08,3,prairies,pct wk covid lab det,quantile,0.975,17.029999999999998
2025-01-18,2025-02-08,3,bc,pct wk covid lab det,quantile,0.025,5.38
2025-01-18,2025-02-08,3,bc,pct wk covid lab det,quantile,0.1,6.8
2025-01-18,2025-02-08,3,bc,pct wk covid lab det,quantile,0.25,8.92
2025-01-18,2025-02-08,3,bc,pct wk covid lab det,quantile,0.5,10.9
2025-01-18,2025-02-08,3,bc,pct wk covid lab det,quantile,0.75,12.89
2025-01-18,2025-02-08,3,bc,pct wk covid lab det,quantile,0.9,14.938
2025-01-18,2025-02-08,3,bc,pct wk covid lab det,quantile,0.975,19.159999999999997
2025-01-18,2025-02-08,3,territories,pct wk covid lab det,quantile,0.025,0.8299999999999992
2025-01-18,2025-02-08,3,territories,pct wk covid lab det,quantile,0.1,2.249999999999999
2025-01-18,2025-02-08,3,territories,pct wk covid lab det,quantile,0.25,4.369999999999999
2025-01-18,2025-02-08,3,territories,pct wk covid lab det,quantile,0.5,6.35
2025-01-18,2025-02-08,3,territories,pct wk covid lab det,quantile,0.75,8.34
2025-01-18,2025-02-08,3,territories,pct wk covid lab det,quantile,0.9,10.388
2025-01-18,2025-02-08,3,territories,pct wk covid lab det,quantile,0.975,14.609999999999998
