reference_date,target,horizon,target_end_date,location,output_type,output_type_id,value
2025-04-12,pct wk rsv lab det,0,2025-04-12,ab,quantile,0.025,0.0
2025-04-12,pct wk rsv lab det,0,2025-04-12,ab,quantile,0.1,0.0
2025-04-12,pct wk rsv lab det,0,2025-04-12,ab,quantile,0.25,0.0
2025-04-12,pct wk rsv lab det,0,2025-04-12,ab,quantile,0.5,0.0
2025-04-12,pct wk rsv lab det,0,2025-04-12,ab,quantile,0.75,0.08
2025-04-12,pct wk rsv lab det,0,2025-04-12,ab,quantile,0.9,0.76
2025-04-12,pct wk rsv lab det,0,2025-04-12,ab,quantile,0.975,2.36
2025-04-12,pct wk rsv lab det,1,2025-04-19,ab,quantile,0.025,0.0
2025-04-12,pct wk rsv lab det,1,2025-04-19,ab,quantile,0.1,0.0
2025-04-12,pct wk rsv lab det,1,2025-04-19,ab,quantile,0.25,0.0
2025-04-12,pct wk rsv lab det,1,2025-04-19,ab,quantile,0.5,0.0
2025-04-12,pct wk rsv lab det,1,2025-04-19,ab,quantile,0.75,0.0
2025-04-12,pct wk rsv lab det,1,2025-04-19,ab,quantile,0.9,0.52
2025-04-12,pct wk rsv lab det,1,2025-04-19,ab,quantile,0.975,2.41
2025-04-12,pct wk rsv lab det,2,2025-04-26,ab,quantile,0.025,0.0
2025-04-12,pct wk rsv lab det,2,2025-04-26,ab,quantile,0.1,0.0
2025-04-12,pct wk rsv lab det,2,2025-04-26,ab,quantile,0.25,0.0
2025-04-12,pct wk rsv lab det,2,2025-04-26,ab,quantile,0.5,0.0
2025-04-12,pct wk rsv lab det,2,2025-04-26,ab,quantile,0.75,0.0
2025-04-12,pct wk rsv lab det,2,2025-04-26,ab,quantile,0.9,0.0
2025-04-12,pct wk rsv lab det,2,2025-04-26,ab,quantile,0.975,0.75
2025-04-12,pct wk rsv lab det,3,2025-05-03,ab,quantile,0.025,0.0
2025-04-12,pct wk rsv lab det,3,2025-05-03,ab,quantile,0.1,0.0
2025-04-12,pct wk rsv lab det,3,2025-05-03,ab,quantile,0.25,0.0
2025-04-12,pct wk rsv lab det,3,2025-05-03,ab,quantile,0.5,0.0
2025-04-12,pct wk rsv lab det,3,2025-05-03,ab,quantile,0.75,0.0
2025-04-12,pct wk rsv lab det,3,2025-05-03,ab,quantile,0.9,0.0
2025-04-12,pct wk rsv lab det,3,2025-05-03,ab,quantile,0.975,0.0
2025-04-12,pct wk flu lab det,0,2025-04-12,ab,quantile,0.025,7.83
2025-04-12,pct wk flu lab det,0,2025-04-12,ab,quantile,0.1,11.71
2025-04-12,pct wk flu lab det,0,2025-04-12,ab,quantile,0.25,13.63
2025-04-12,pct wk flu lab det,0,2025-04-12,ab,quantile,0.5,14.21
2025-04-12,pct wk flu lab det,0,2025-04-12,ab,quantile,0.75,14.77
2025-04-12,pct wk flu lab det,0,2025-04-12,ab,quantile,0.9,15.68
2025-04-12,pct wk flu lab det,0,2025-04-12,ab,quantile,0.975,19.29
2025-04-12,pct wk flu lab det,1,2025-04-19,ab,quantile,0.025,7.56
2025-04-12,pct wk flu lab det,1,2025-04-19,ab,quantile,0.1,10.95
2025-04-12,pct wk flu lab det,1,2025-04-19,ab,quantile,0.25,12.9
2025-04-12,pct wk flu lab det,1,2025-04-19,ab,quantile,0.5,13.56
2025-04-12,pct wk flu lab det,1,2025-04-19,ab,quantile,0.75,14.21
2025-04-12,pct wk flu lab det,1,2025-04-19,ab,quantile,0.9,14.97
2025-04-12,pct wk flu lab det,1,2025-04-19,ab,quantile,0.975,20.4
2025-04-12,pct wk flu lab det,2,2025-04-26,ab,quantile,0.025,7.29
2025-04-12,pct wk flu lab det,2,2025-04-26,ab,quantile,0.1,11.18
2025-04-12,pct wk flu lab det,2,2025-04-26,ab,quantile,0.25,12.99
2025-04-12,pct wk flu lab det,2,2025-04-26,ab,quantile,0.5,13.64
2025-04-12,pct wk flu lab det,2,2025-04-26,ab,quantile,0.75,14.21
2025-04-12,pct wk flu lab det,2,2025-04-26,ab,quantile,0.9,15.04
2025-04-12,pct wk flu lab det,2,2025-04-26,ab,quantile,0.975,19.89
2025-04-12,pct wk flu lab det,3,2025-05-03,ab,quantile,0.025,8.97
2025-04-12,pct wk flu lab det,3,2025-05-03,ab,quantile,0.1,12.18
2025-04-12,pct wk flu lab det,3,2025-05-03,ab,quantile,0.25,13.52
2025-04-12,pct wk flu lab det,3,2025-05-03,ab,quantile,0.5,14.04
2025-04-12,pct wk flu lab det,3,2025-05-03,ab,quantile,0.75,14.73
2025-04-12,pct wk flu lab det,3,2025-05-03,ab,quantile,0.9,15.53
2025-04-12,pct wk flu lab det,3,2025-05-03,ab,quantile,0.975,19.55
2025-04-12,pct wk covid lab det,0,2025-04-12,ab,quantile,0.025,0.0
2025-04-12,pct wk covid lab det,0,2025-04-12,ab,quantile,0.1,0.0
2025-04-12,pct wk covid lab det,0,2025-04-12,ab,quantile,0.25,0.42
2025-04-12,pct wk covid lab det,0,2025-04-12,ab,quantile,0.5,0.64
2025-04-12,pct wk covid lab det,0,2025-04-12,ab,quantile,0.75,0.91
2025-04-12,pct wk covid lab det,0,2025-04-12,ab,quantile,0.9,1.45
2025-04-12,pct wk covid lab det,0,2025-04-12,ab,quantile,0.975,2.21
2025-04-12,pct wk covid lab det,1,2025-04-19,ab,quantile,0.025,0.0
2025-04-12,pct wk covid lab det,1,2025-04-19,ab,quantile,0.1,0.31
2025-04-12,pct wk covid lab det,1,2025-04-19,ab,quantile,0.25,1.0
2025-04-12,pct wk covid lab det,1,2025-04-19,ab,quantile,0.5,1.15
2025-04-12,pct wk covid lab det,1,2025-04-19,ab,quantile,0.75,1.46
2025-04-12,pct wk covid lab det,1,2025-04-19,ab,quantile,0.9,1.91
2025-04-12,pct wk covid lab det,1,2025-04-19,ab,quantile,0.975,2.63
2025-04-12,pct wk covid lab det,2,2025-04-26,ab,quantile,0.025,0.0
2025-04-12,pct wk covid lab det,2,2025-04-26,ab,quantile,0.1,0.27
2025-04-12,pct wk covid lab det,2,2025-04-26,ab,quantile,0.25,0.62
2025-04-12,pct wk covid lab det,2,2025-04-26,ab,quantile,0.5,0.81
2025-04-12,pct wk covid lab det,2,2025-04-26,ab,quantile,0.75,1.1
2025-04-12,pct wk covid lab det,2,2025-04-26,ab,quantile,0.9,1.6
2025-04-12,pct wk covid lab det,2,2025-04-26,ab,quantile,0.975,2.22
2025-04-12,pct wk covid lab det,3,2025-05-03,ab,quantile,0.025,0.0
2025-04-12,pct wk covid lab det,3,2025-05-03,ab,quantile,0.1,0.0
2025-04-12,pct wk covid lab det,3,2025-05-03,ab,quantile,0.25,0.35
2025-04-12,pct wk covid lab det,3,2025-05-03,ab,quantile,0.5,0.56
2025-04-12,pct wk covid lab det,3,2025-05-03,ab,quantile,0.75,0.81
2025-04-12,pct wk covid lab det,3,2025-05-03,ab,quantile,0.9,1.3
2025-04-12,pct wk covid lab det,3,2025-05-03,ab,quantile,0.975,1.9
2025-04-12,pct wk rsv lab det,0,2025-04-12,atlantic,quantile,0.025,0.0
2025-04-12,pct wk rsv lab det,0,2025-04-12,atlantic,quantile,0.1,1.39
2025-04-12,pct wk rsv lab det,0,2025-04-12,atlantic,quantile,0.25,2.09
2025-04-12,pct wk rsv lab det,0,2025-04-12,atlantic,quantile,0.5,2.41
2025-04-12,pct wk rsv lab det,0,2025-04-12,atlantic,quantile,0.75,2.86
2025-04-12,pct wk rsv lab det,0,2025-04-12,atlantic,quantile,0.9,3.57
2025-04-12,pct wk rsv lab det,0,2025-04-12,atlantic,quantile,0.975,5.11
2025-04-12,pct wk rsv lab det,1,2025-04-19,atlantic,quantile,0.025,0.0
2025-04-12,pct wk rsv lab det,1,2025-04-19,atlantic,quantile,0.1,1.2
2025-04-12,pct wk rsv lab det,1,2025-04-19,atlantic,quantile,0.25,1.78
2025-04-12,pct wk rsv lab det,1,2025-04-19,atlantic,quantile,0.5,2.15
2025-04-12,pct wk rsv lab det,1,2025-04-19,atlantic,quantile,0.75,2.58
2025-04-12,pct wk rsv lab det,1,2025-04-19,atlantic,quantile,0.9,3.41
2025-04-12,pct wk rsv lab det,1,2025-04-19,atlantic,quantile,0.975,4.56
2025-04-12,pct wk rsv lab det,2,2025-04-26,atlantic,quantile,0.025,0.0
2025-04-12,pct wk rsv lab det,2,2025-04-26,atlantic,quantile,0.1,1.17
2025-04-12,pct wk rsv lab det,2,2025-04-26,atlantic,quantile,0.25,1.72
2025-04-12,pct wk rsv lab det,2,2025-04-26,atlantic,quantile,0.5,2.08
2025-04-12,pct wk rsv lab det,2,2025-04-26,atlantic,quantile,0.75,2.48
2025-04-12,pct wk rsv lab det,2,2025-04-26,atlantic,quantile,0.9,3.24
2025-04-12,pct wk rsv lab det,2,2025-04-26,atlantic,quantile,0.975,4.43
2025-04-12,pct wk rsv lab det,3,2025-05-03,atlantic,quantile,0.025,0.0
2025-04-12,pct wk rsv lab det,3,2025-05-03,atlantic,quantile,0.1,0.89
2025-04-12,pct wk rsv lab det,3,2025-05-03,atlantic,quantile,0.25,1.7
2025-04-12,pct wk rsv lab det,3,2025-05-03,atlantic,quantile,0.5,2.06
2025-04-12,pct wk rsv lab det,3,2025-05-03,atlantic,quantile,0.75,2.57
2025-04-12,pct wk rsv lab det,3,2025-05-03,atlantic,quantile,0.9,3.44
2025-04-12,pct wk rsv lab det,3,2025-05-03,atlantic,quantile,0.975,4.96
2025-04-12,pct wk flu lab det,0,2025-04-12,atlantic,quantile,0.025,13.64
2025-04-12,pct wk flu lab det,0,2025-04-12,atlantic,quantile,0.1,15.27
2025-04-12,pct wk flu lab det,0,2025-04-12,atlantic,quantile,0.25,16.05
2025-04-12,pct wk flu lab det,0,2025-04-12,atlantic,quantile,0.5,16.59
2025-04-12,pct wk flu lab det,0,2025-04-12,atlantic,quantile,0.75,17.29
2025-04-12,pct wk flu lab det,0,2025-04-12,atlantic,quantile,0.9,18.94
2025-04-12,pct wk flu lab det,0,2025-04-12,atlantic,quantile,0.975,20.15
2025-04-12,pct wk flu lab det,1,2025-04-19,atlantic,quantile,0.025,11.35
2025-04-12,pct wk flu lab det,1,2025-04-19,atlantic,quantile,0.1,14.44
2025-04-12,pct wk flu lab det,1,2025-04-19,atlantic,quantile,0.25,15.36
2025-04-12,pct wk flu lab det,1,2025-04-19,atlantic,quantile,0.5,15.93
2025-04-12,pct wk flu lab det,1,2025-04-19,atlantic,quantile,0.75,16.6
2025-04-12,pct wk flu lab det,1,2025-04-19,atlantic,quantile,0.9,17.78
2025-04-12,pct wk flu lab det,1,2025-04-19,atlantic,quantile,0.975,19.92
2025-04-12,pct wk flu lab det,2,2025-04-26,atlantic,quantile,0.025,7.75
2025-04-12,pct wk flu lab det,2,2025-04-26,atlantic,quantile,0.1,10.69
2025-04-12,pct wk flu lab det,2,2025-04-26,atlantic,quantile,0.25,11.57
2025-04-12,pct wk flu lab det,2,2025-04-26,atlantic,quantile,0.5,12.05
2025-04-12,pct wk flu lab det,2,2025-04-26,atlantic,quantile,0.75,12.6
2025-04-12,pct wk flu lab det,2,2025-04-26,atlantic,quantile,0.9,13.73
2025-04-12,pct wk flu lab det,2,2025-04-26,atlantic,quantile,0.975,16.07
2025-04-12,pct wk flu lab det,3,2025-05-03,atlantic,quantile,0.025,6.23
2025-04-12,pct wk flu lab det,3,2025-05-03,atlantic,quantile,0.1,9.39
2025-04-12,pct wk flu lab det,3,2025-05-03,atlantic,quantile,0.25,10.18
2025-04-12,pct wk flu lab det,3,2025-05-03,atlantic,quantile,0.5,10.7
2025-04-12,pct wk flu lab det,3,2025-05-03,atlantic,quantile,0.75,11.24
2025-04-12,pct wk flu lab det,3,2025-05-03,atlantic,quantile,0.9,12.28
2025-04-12,pct wk flu lab det,3,2025-05-03,atlantic,quantile,0.975,14.39
2025-04-12,pct wk covid lab det,0,2025-04-12,atlantic,quantile,0.025,0.0
2025-04-12,pct wk covid lab det,0,2025-04-12,atlantic,quantile,0.1,0.97
2025-04-12,pct wk covid lab det,0,2025-04-12,atlantic,quantile,0.25,1.64
2025-04-12,pct wk covid lab det,0,2025-04-12,atlantic,quantile,0.5,2.24
2025-04-12,pct wk covid lab det,0,2025-04-12,atlantic,quantile,0.75,2.56
2025-04-12,pct wk covid lab det,0,2025-04-12,atlantic,quantile,0.9,3.0
2025-04-12,pct wk covid lab det,0,2025-04-12,atlantic,quantile,0.975,4.08
2025-04-12,pct wk covid lab det,1,2025-04-19,atlantic,quantile,0.025,0.0
2025-04-12,pct wk covid lab det,1,2025-04-19,atlantic,quantile,0.1,1.07
2025-04-12,pct wk covid lab det,1,2025-04-19,atlantic,quantile,0.25,1.71
2025-04-12,pct wk covid lab det,1,2025-04-19,atlantic,quantile,0.5,2.18
2025-04-12,pct wk covid lab det,1,2025-04-19,atlantic,quantile,0.75,2.65
2025-04-12,pct wk covid lab det,1,2025-04-19,atlantic,quantile,0.9,3.14
2025-04-12,pct wk covid lab det,1,2025-04-19,atlantic,quantile,0.975,5.41
2025-04-12,pct wk covid lab det,2,2025-04-26,atlantic,quantile,0.025,0.47
2025-04-12,pct wk covid lab det,2,2025-04-26,atlantic,quantile,0.1,1.03
2025-04-12,pct wk covid lab det,2,2025-04-26,atlantic,quantile,0.25,1.73
2025-04-12,pct wk covid lab det,2,2025-04-26,atlantic,quantile,0.5,2.14
2025-04-12,pct wk covid lab det,2,2025-04-26,atlantic,quantile,0.75,2.55
2025-04-12,pct wk covid lab det,2,2025-04-26,atlantic,quantile,0.9,3.12
2025-04-12,pct wk covid lab det,2,2025-04-26,atlantic,quantile,0.975,5.32
2025-04-12,pct wk covid lab det,3,2025-05-03,atlantic,quantile,0.025,0.01
2025-04-12,pct wk covid lab det,3,2025-05-03,atlantic,quantile,0.1,0.91
2025-04-12,pct wk covid lab det,3,2025-05-03,atlantic,quantile,0.25,1.6
2025-04-12,pct wk covid lab det,3,2025-05-03,atlantic,quantile,0.5,2.04
2025-04-12,pct wk covid lab det,3,2025-05-03,atlantic,quantile,0.75,2.41
2025-04-12,pct wk covid lab det,3,2025-05-03,atlantic,quantile,0.9,2.97
2025-04-12,pct wk covid lab det,3,2025-05-03,atlantic,quantile,0.975,4.71
2025-04-12,pct wk rsv lab det,0,2025-04-12,bc,quantile,0.025,1.06
2025-04-12,pct wk rsv lab det,0,2025-04-12,bc,quantile,0.1,2.32
2025-04-12,pct wk rsv lab det,0,2025-04-12,bc,quantile,0.25,2.68
2025-04-12,pct wk rsv lab det,0,2025-04-12,bc,quantile,0.5,2.93
2025-04-12,pct wk rsv lab det,0,2025-04-12,bc,quantile,0.75,3.29
2025-04-12,pct wk rsv lab det,0,2025-04-12,bc,quantile,0.9,3.8
2025-04-12,pct wk rsv lab det,0,2025-04-12,bc,quantile,0.975,4.33
2025-04-12,pct wk rsv lab det,1,2025-04-19,bc,quantile,0.025,0.18
2025-04-12,pct wk rsv lab det,1,2025-04-19,bc,quantile,0.1,1.48
2025-04-12,pct wk rsv lab det,1,2025-04-19,bc,quantile,0.25,1.82
2025-04-12,pct wk rsv lab det,1,2025-04-19,bc,quantile,0.5,2.11
2025-04-12,pct wk rsv lab det,1,2025-04-19,bc,quantile,0.75,2.48
2025-04-12,pct wk rsv lab det,1,2025-04-19,bc,quantile,0.9,2.95
2025-04-12,pct wk rsv lab det,1,2025-04-19,bc,quantile,0.975,3.78
2025-04-12,pct wk rsv lab det,2,2025-04-26,bc,quantile,0.025,0.0
2025-04-12,pct wk rsv lab det,2,2025-04-26,bc,quantile,0.1,0.79
2025-04-12,pct wk rsv lab det,2,2025-04-26,bc,quantile,0.25,1.34
2025-04-12,pct wk rsv lab det,2,2025-04-26,bc,quantile,0.5,1.59
2025-04-12,pct wk rsv lab det,2,2025-04-26,bc,quantile,0.75,1.96
2025-04-12,pct wk rsv lab det,2,2025-04-26,bc,quantile,0.9,2.4
2025-04-12,pct wk rsv lab det,2,2025-04-26,bc,quantile,0.975,3.1
2025-04-12,pct wk rsv lab det,3,2025-05-03,bc,quantile,0.025,0.0
2025-04-12,pct wk rsv lab det,3,2025-05-03,bc,quantile,0.1,0.0
2025-04-12,pct wk rsv lab det,3,2025-05-03,bc,quantile,0.25,0.42
2025-04-12,pct wk rsv lab det,3,2025-05-03,bc,quantile,0.5,0.68
2025-04-12,pct wk rsv lab det,3,2025-05-03,bc,quantile,0.75,1.04
2025-04-12,pct wk rsv lab det,3,2025-05-03,bc,quantile,0.9,1.51
2025-04-12,pct wk rsv lab det,3,2025-05-03,bc,quantile,0.975,1.91
2025-04-12,pct wk flu lab det,0,2025-04-12,bc,quantile,0.025,3.25
2025-04-12,pct wk flu lab det,0,2025-04-12,bc,quantile,0.1,6.11
2025-04-12,pct wk flu lab det,0,2025-04-12,bc,quantile,0.25,7.07
2025-04-12,pct wk flu lab det,0,2025-04-12,bc,quantile,0.5,7.61
2025-04-12,pct wk flu lab det,0,2025-04-12,bc,quantile,0.75,8.35
2025-04-12,pct wk flu lab det,0,2025-04-12,bc,quantile,0.9,9.59
2025-04-12,pct wk flu lab det,0,2025-04-12,bc,quantile,0.975,10.75
2025-04-12,pct wk flu lab det,1,2025-04-19,bc,quantile,0.025,0.0
2025-04-12,pct wk flu lab det,1,2025-04-19,bc,quantile,0.1,2.36
2025-04-12,pct wk flu lab det,1,2025-04-19,bc,quantile,0.25,3.1
2025-04-12,pct wk flu lab det,1,2025-04-19,bc,quantile,0.5,3.62
2025-04-12,pct wk flu lab det,1,2025-04-19,bc,quantile,0.75,4.32
2025-04-12,pct wk flu lab det,1,2025-04-19,bc,quantile,0.9,5.32
2025-04-12,pct wk flu lab det,1,2025-04-19,bc,quantile,0.975,6.44
2025-04-12,pct wk flu lab det,2,2025-04-26,bc,quantile,0.025,0.0
2025-04-12,pct wk flu lab det,2,2025-04-26,bc,quantile,0.1,0.0
2025-04-12,pct wk flu lab det,2,2025-04-26,bc,quantile,0.25,0.0
2025-04-12,pct wk flu lab det,2,2025-04-26,bc,quantile,0.5,0.36
2025-04-12,pct wk flu lab det,2,2025-04-26,bc,quantile,0.75,0.97
2025-04-12,pct wk flu lab det,2,2025-04-26,bc,quantile,0.9,1.88
2025-04-12,pct wk flu lab det,2,2025-04-26,bc,quantile,0.975,3.02
2025-04-12,pct wk flu lab det,3,2025-05-03,bc,quantile,0.025,0.0
2025-04-12,pct wk flu lab det,3,2025-05-03,bc,quantile,0.1,0.0
2025-04-12,pct wk flu lab det,3,2025-05-03,bc,quantile,0.25,0.0
2025-04-12,pct wk flu lab det,3,2025-05-03,bc,quantile,0.5,0.0
2025-04-12,pct wk flu lab det,3,2025-05-03,bc,quantile,0.75,0.0
2025-04-12,pct wk flu lab det,3,2025-05-03,bc,quantile,0.9,0.0
2025-04-12,pct wk flu lab det,3,2025-05-03,bc,quantile,0.975,0.54
2025-04-12,pct wk covid lab det,0,2025-04-12,bc,quantile,0.025,0.0
2025-04-12,pct wk covid lab det,0,2025-04-12,bc,quantile,0.1,0.47
2025-04-12,pct wk covid lab det,0,2025-04-12,bc,quantile,0.25,1.27
2025-04-12,pct wk covid lab det,0,2025-04-12,bc,quantile,0.5,1.61
2025-04-12,pct wk covid lab det,0,2025-04-12,bc,quantile,0.75,1.93
2025-04-12,pct wk covid lab det,0,2025-04-12,bc,quantile,0.9,2.41
2025-04-12,pct wk covid lab det,0,2025-04-12,bc,quantile,0.975,4.2
2025-04-12,pct wk covid lab det,1,2025-04-19,bc,quantile,0.025,0.0
2025-04-12,pct wk covid lab det,1,2025-04-19,bc,quantile,0.1,0.31
2025-04-12,pct wk covid lab det,1,2025-04-19,bc,quantile,0.25,1.01
2025-04-12,pct wk covid lab det,1,2025-04-19,bc,quantile,0.5,1.36
2025-04-12,pct wk covid lab det,1,2025-04-19,bc,quantile,0.75,1.66
2025-04-12,pct wk covid lab det,1,2025-04-19,bc,quantile,0.9,2.15
2025-04-12,pct wk covid lab det,1,2025-04-19,bc,quantile,0.975,3.92
2025-04-12,pct wk covid lab det,2,2025-04-26,bc,quantile,0.025,0.0
2025-04-12,pct wk covid lab det,2,2025-04-26,bc,quantile,0.1,0.69
2025-04-12,pct wk covid lab det,2,2025-04-26,bc,quantile,0.25,1.39
2025-04-12,pct wk covid lab det,2,2025-04-26,bc,quantile,0.5,1.74
2025-04-12,pct wk covid lab det,2,2025-04-26,bc,quantile,0.75,2.04
2025-04-12,pct wk covid lab det,2,2025-04-26,bc,quantile,0.9,2.57
2025-04-12,pct wk covid lab det,2,2025-04-26,bc,quantile,0.975,4.2
2025-04-12,pct wk covid lab det,3,2025-05-03,bc,quantile,0.025,0.0
2025-04-12,pct wk covid lab det,3,2025-05-03,bc,quantile,0.1,0.7
2025-04-12,pct wk covid lab det,3,2025-05-03,bc,quantile,0.25,1.49
2025-04-12,pct wk covid lab det,3,2025-05-03,bc,quantile,0.5,1.85
2025-04-12,pct wk covid lab det,3,2025-05-03,bc,quantile,0.75,2.24
2025-04-12,pct wk covid lab det,3,2025-05-03,bc,quantile,0.9,2.78
2025-04-12,pct wk covid lab det,3,2025-05-03,bc,quantile,0.975,5.06
2025-04-12,pct wk rsv lab det,0,2025-04-12,ca,quantile,0.025,0.45
2025-04-12,pct wk rsv lab det,0,2025-04-12,ca,quantile,0.1,0.88
2025-04-12,pct wk rsv lab det,0,2025-04-12,ca,quantile,0.25,1.37
2025-04-12,pct wk rsv lab det,0,2025-04-12,ca,quantile,0.5,1.55
2025-04-12,pct wk rsv lab det,0,2025-04-12,ca,quantile,0.75,1.79
2025-04-12,pct wk rsv lab det,0,2025-04-12,ca,quantile,0.9,2.18
2025-04-12,pct wk rsv lab det,0,2025-04-12,ca,quantile,0.975,2.49
2025-04-12,pct wk rsv lab det,1,2025-04-19,ca,quantile,0.025,0.26
2025-04-12,pct wk rsv lab det,1,2025-04-19,ca,quantile,0.1,1.06
2025-04-12,pct wk rsv lab det,1,2025-04-19,ca,quantile,0.25,1.33
2025-04-12,pct wk rsv lab det,1,2025-04-19,ca,quantile,0.5,1.48
2025-04-12,pct wk rsv lab det,1,2025-04-19,ca,quantile,0.75,1.77
2025-04-12,pct wk rsv lab det,1,2025-04-19,ca,quantile,0.9,2.13
2025-04-12,pct wk rsv lab det,1,2025-04-19,ca,quantile,0.975,2.4
2025-04-12,pct wk rsv lab det,2,2025-04-26,ca,quantile,0.025,0.0
2025-04-12,pct wk rsv lab det,2,2025-04-26,ca,quantile,0.1,0.54
2025-04-12,pct wk rsv lab det,2,2025-04-26,ca,quantile,0.25,0.88
2025-04-12,pct wk rsv lab det,2,2025-04-26,ca,quantile,0.5,1.05
2025-04-12,pct wk rsv lab det,2,2025-04-26,ca,quantile,0.75,1.23
2025-04-12,pct wk rsv lab det,2,2025-04-26,ca,quantile,0.9,1.55
2025-04-12,pct wk rsv lab det,2,2025-04-26,ca,quantile,0.975,1.89
2025-04-12,pct wk rsv lab det,3,2025-05-03,ca,quantile,0.025,0.0
2025-04-12,pct wk rsv lab det,3,2025-05-03,ca,quantile,0.1,0.42
2025-04-12,pct wk rsv lab det,3,2025-05-03,ca,quantile,0.25,0.68
2025-04-12,pct wk rsv lab det,3,2025-05-03,ca,quantile,0.5,0.87
2025-04-12,pct wk rsv lab det,3,2025-05-03,ca,quantile,0.75,1.08
2025-04-12,pct wk rsv lab det,3,2025-05-03,ca,quantile,0.9,1.5
2025-04-12,pct wk rsv lab det,3,2025-05-03,ca,quantile,0.975,1.79
2025-04-12,pct wk flu lab det,0,2025-04-12,ca,quantile,0.025,9.06
2025-04-12,pct wk flu lab det,0,2025-04-12,ca,quantile,0.1,10.85
2025-04-12,pct wk flu lab det,0,2025-04-12,ca,quantile,0.25,11.39
2025-04-12,pct wk flu lab det,0,2025-04-12,ca,quantile,0.5,11.62
2025-04-12,pct wk flu lab det,0,2025-04-12,ca,quantile,0.75,11.89
2025-04-12,pct wk flu lab det,0,2025-04-12,ca,quantile,0.9,12.57
2025-04-12,pct wk flu lab det,0,2025-04-12,ca,quantile,0.975,13.34
2025-04-12,pct wk flu lab det,1,2025-04-19,ca,quantile,0.025,7.63
2025-04-12,pct wk flu lab det,1,2025-04-19,ca,quantile,0.1,8.66
2025-04-12,pct wk flu lab det,1,2025-04-19,ca,quantile,0.25,9.03
2025-04-12,pct wk flu lab det,1,2025-04-19,ca,quantile,0.5,9.28
2025-04-12,pct wk flu lab det,1,2025-04-19,ca,quantile,0.75,9.56
2025-04-12,pct wk flu lab det,1,2025-04-19,ca,quantile,0.9,10.2
2025-04-12,pct wk flu lab det,1,2025-04-19,ca,quantile,0.975,10.84
2025-04-12,pct wk flu lab det,2,2025-04-26,ca,quantile,0.025,5.08
2025-04-12,pct wk flu lab det,2,2025-04-26,ca,quantile,0.1,5.88
2025-04-12,pct wk flu lab det,2,2025-04-26,ca,quantile,0.25,6.18
2025-04-12,pct wk flu lab det,2,2025-04-26,ca,quantile,0.5,6.45
2025-04-12,pct wk flu lab det,2,2025-04-26,ca,quantile,0.75,6.72
2025-04-12,pct wk flu lab det,2,2025-04-26,ca,quantile,0.9,7.46
2025-04-12,pct wk flu lab det,2,2025-04-26,ca,quantile,0.975,8.2
2025-04-12,pct wk flu lab det,3,2025-05-03,ca,quantile,0.025,2.0
2025-04-12,pct wk flu lab det,3,2025-05-03,ca,quantile,0.1,3.04
2025-04-12,pct wk flu lab det,3,2025-05-03,ca,quantile,0.25,3.56
2025-04-12,pct wk flu lab det,3,2025-05-03,ca,quantile,0.5,3.78
2025-04-12,pct wk flu lab det,3,2025-05-03,ca,quantile,0.75,4.14
2025-04-12,pct wk flu lab det,3,2025-05-03,ca,quantile,0.9,4.79
2025-04-12,pct wk flu lab det,3,2025-05-03,ca,quantile,0.975,5.61
2025-04-12,pct wk covid lab det,0,2025-04-12,ca,quantile,0.025,0.34
2025-04-12,pct wk covid lab det,0,2025-04-12,ca,quantile,0.1,1.36
2025-04-12,pct wk covid lab det,0,2025-04-12,ca,quantile,0.25,1.79
2025-04-12,pct wk covid lab det,0,2025-04-12,ca,quantile,0.5,1.97
2025-04-12,pct wk covid lab det,0,2025-04-12,ca,quantile,0.75,2.28
2025-04-12,pct wk covid lab det,0,2025-04-12,ca,quantile,0.9,2.53
2025-04-12,pct wk covid lab det,0,2025-04-12,ca,quantile,0.975,3.04
2025-04-12,pct wk covid lab det,1,2025-04-19,ca,quantile,0.025,0.33
2025-04-12,pct wk covid lab det,1,2025-04-19,ca,quantile,0.1,1.45
2025-04-12,pct wk covid lab det,1,2025-04-19,ca,quantile,0.25,1.99
2025-04-12,pct wk covid lab det,1,2025-04-19,ca,quantile,0.5,2.17
2025-04-12,pct wk covid lab det,1,2025-04-19,ca,quantile,0.75,2.43
2025-04-12,pct wk covid lab det,1,2025-04-19,ca,quantile,0.9,2.73
2025-04-12,pct wk covid lab det,1,2025-04-19,ca,quantile,0.975,3.15
2025-04-12,pct wk covid lab det,2,2025-04-26,ca,quantile,0.025,0.97
2025-04-12,pct wk covid lab det,2,2025-04-26,ca,quantile,0.1,1.94
2025-04-12,pct wk covid lab det,2,2025-04-26,ca,quantile,0.25,2.27
2025-04-12,pct wk covid lab det,2,2025-04-26,ca,quantile,0.5,2.46
2025-04-12,pct wk covid lab det,2,2025-04-26,ca,quantile,0.75,2.67
2025-04-12,pct wk covid lab det,2,2025-04-26,ca,quantile,0.9,3.0
2025-04-12,pct wk covid lab det,2,2025-04-26,ca,quantile,0.975,3.25
2025-04-12,pct wk covid lab det,3,2025-05-03,ca,quantile,0.025,0.98
2025-04-12,pct wk covid lab det,3,2025-05-03,ca,quantile,0.1,2.06
2025-04-12,pct wk covid lab det,3,2025-05-03,ca,quantile,0.25,2.45
2025-04-12,pct wk covid lab det,3,2025-05-03,ca,quantile,0.5,2.63
2025-04-12,pct wk covid lab det,3,2025-05-03,ca,quantile,0.75,2.94
2025-04-12,pct wk covid lab det,3,2025-05-03,ca,quantile,0.9,3.2
2025-04-12,pct wk covid lab det,3,2025-05-03,ca,quantile,0.975,3.61
2025-04-12,pct wk rsv lab det,0,2025-04-12,mb,quantile,0.025,0.0
2025-04-12,pct wk rsv lab det,0,2025-04-12,mb,quantile,0.1,1.81
2025-04-12,pct wk rsv lab det,0,2025-04-12,mb,quantile,0.25,2.49
2025-04-12,pct wk rsv lab det,0,2025-04-12,mb,quantile,0.5,2.94
2025-04-12,pct wk rsv lab det,0,2025-04-12,mb,quantile,0.75,3.42
2025-04-12,pct wk rsv lab det,0,2025-04-12,mb,quantile,0.9,4.01
2025-04-12,pct wk rsv lab det,0,2025-04-12,mb,quantile,0.975,5.8
2025-04-12,pct wk rsv lab det,1,2025-04-19,mb,quantile,0.025,0.0
2025-04-12,pct wk rsv lab det,1,2025-04-19,mb,quantile,0.1,0.66
2025-04-12,pct wk rsv lab det,1,2025-04-19,mb,quantile,0.25,1.47
2025-04-12,pct wk rsv lab det,1,2025-04-19,mb,quantile,0.5,2.0
2025-04-12,pct wk rsv lab det,1,2025-04-19,mb,quantile,0.75,2.5
2025-04-12,pct wk rsv lab det,1,2025-04-19,mb,quantile,0.9,3.05
2025-04-12,pct wk rsv lab det,1,2025-04-19,mb,quantile,0.975,4.55
2025-04-12,pct wk rsv lab det,2,2025-04-26,mb,quantile,0.025,0.0
2025-04-12,pct wk rsv lab det,2,2025-04-26,mb,quantile,0.1,0.0
2025-04-12,pct wk rsv lab det,2,2025-04-26,mb,quantile,0.25,0.75
2025-04-12,pct wk rsv lab det,2,2025-04-26,mb,quantile,0.5,1.1
2025-04-12,pct wk rsv lab det,2,2025-04-26,mb,quantile,0.75,1.58
2025-04-12,pct wk rsv lab det,2,2025-04-26,mb,quantile,0.9,2.6
2025-04-12,pct wk rsv lab det,2,2025-04-26,mb,quantile,0.975,5.4
2025-04-12,pct wk rsv lab det,3,2025-05-03,mb,quantile,0.025,0.0
2025-04-12,pct wk rsv lab det,3,2025-05-03,mb,quantile,0.1,0.19
2025-04-12,pct wk rsv lab det,3,2025-05-03,mb,quantile,0.25,0.79
2025-04-12,pct wk rsv lab det,3,2025-05-03,mb,quantile,0.5,1.26
2025-04-12,pct wk rsv lab det,3,2025-05-03,mb,quantile,0.75,1.71
2025-04-12,pct wk rsv lab det,3,2025-05-03,mb,quantile,0.9,2.6
2025-04-12,pct wk rsv lab det,3,2025-05-03,mb,quantile,0.975,4.39
2025-04-12,pct wk flu lab det,0,2025-04-12,mb,quantile,0.025,3.57
2025-04-12,pct wk flu lab det,0,2025-04-12,mb,quantile,0.1,10.99
2025-04-12,pct wk flu lab det,0,2025-04-12,mb,quantile,0.25,13.47
2025-04-12,pct wk flu lab det,0,2025-04-12,mb,quantile,0.5,14.45
2025-04-12,pct wk flu lab det,0,2025-04-12,mb,quantile,0.75,15.47
2025-04-12,pct wk flu lab det,0,2025-04-12,mb,quantile,0.9,19.74
2025-04-12,pct wk flu lab det,0,2025-04-12,mb,quantile,0.975,22.58
2025-04-12,pct wk flu lab det,1,2025-04-19,mb,quantile,0.025,1.17
2025-04-12,pct wk flu lab det,1,2025-04-19,mb,quantile,0.1,8.55
2025-04-12,pct wk flu lab det,1,2025-04-19,mb,quantile,0.25,11.17
2025-04-12,pct wk flu lab det,1,2025-04-19,mb,quantile,0.5,12.15
2025-04-12,pct wk flu lab det,1,2025-04-19,mb,quantile,0.75,12.94
2025-04-12,pct wk flu lab det,1,2025-04-19,mb,quantile,0.9,16.37
2025-04-12,pct wk flu lab det,1,2025-04-19,mb,quantile,0.975,19.14
2025-04-12,pct wk flu lab det,2,2025-04-26,mb,quantile,0.025,1.59
2025-04-12,pct wk flu lab det,2,2025-04-26,mb,quantile,0.1,8.35
2025-04-12,pct wk flu lab det,2,2025-04-26,mb,quantile,0.25,10.67
2025-04-12,pct wk flu lab det,2,2025-04-26,mb,quantile,0.5,11.85
2025-04-12,pct wk flu lab det,2,2025-04-26,mb,quantile,0.75,12.75
2025-04-12,pct wk flu lab det,2,2025-04-26,mb,quantile,0.9,16.37
2025-04-12,pct wk flu lab det,2,2025-04-26,mb,quantile,0.975,19.93
2025-04-12,pct wk flu lab det,3,2025-05-03,mb,quantile,0.025,0.0
2025-04-12,pct wk flu lab det,3,2025-05-03,mb,quantile,0.1,6.66
2025-04-12,pct wk flu lab det,3,2025-05-03,mb,quantile,0.25,9.48
2025-04-12,pct wk flu lab det,3,2025-05-03,mb,quantile,0.5,10.71
2025-04-12,pct wk flu lab det,3,2025-05-03,mb,quantile,0.75,11.52
2025-04-12,pct wk flu lab det,3,2025-05-03,mb,quantile,0.9,15.23
2025-04-12,pct wk flu lab det,3,2025-05-03,mb,quantile,0.975,18.81
2025-04-12,pct wk covid lab det,0,2025-04-12,mb,quantile,0.025,0.0
2025-04-12,pct wk covid lab det,0,2025-04-12,mb,quantile,0.1,0.16
2025-04-12,pct wk covid lab det,0,2025-04-12,mb,quantile,0.25,0.84
2025-04-12,pct wk covid lab det,0,2025-04-12,mb,quantile,0.5,1.37
2025-04-12,pct wk covid lab det,0,2025-04-12,mb,quantile,0.75,1.96
2025-04-12,pct wk covid lab det,0,2025-04-12,mb,quantile,0.9,2.44
2025-04-12,pct wk covid lab det,0,2025-04-12,mb,quantile,0.975,3.71
2025-04-12,pct wk covid lab det,1,2025-04-19,mb,quantile,0.025,0.0
2025-04-12,pct wk covid lab det,1,2025-04-19,mb,quantile,0.1,0.36
2025-04-12,pct wk covid lab det,1,2025-04-19,mb,quantile,0.25,1.1
2025-04-12,pct wk covid lab det,1,2025-04-19,mb,quantile,0.5,1.54
2025-04-12,pct wk covid lab det,1,2025-04-19,mb,quantile,0.75,2.03
2025-04-12,pct wk covid lab det,1,2025-04-19,mb,quantile,0.9,2.66
2025-04-12,pct wk covid lab det,1,2025-04-19,mb,quantile,0.975,3.36
2025-04-12,pct wk covid lab det,2,2025-04-26,mb,quantile,0.025,0.0
2025-04-12,pct wk covid lab det,2,2025-04-26,mb,quantile,0.1,0.66
2025-04-12,pct wk covid lab det,2,2025-04-26,mb,quantile,0.25,1.42
2025-04-12,pct wk covid lab det,2,2025-04-26,mb,quantile,0.5,1.86
2025-04-12,pct wk covid lab det,2,2025-04-26,mb,quantile,0.75,2.35
2025-04-12,pct wk covid lab det,2,2025-04-26,mb,quantile,0.9,3.01
2025-04-12,pct wk covid lab det,2,2025-04-26,mb,quantile,0.975,3.95
2025-04-12,pct wk covid lab det,3,2025-05-03,mb,quantile,0.025,0.0
2025-04-12,pct wk covid lab det,3,2025-05-03,mb,quantile,0.1,0.79
2025-04-12,pct wk covid lab det,3,2025-05-03,mb,quantile,0.25,1.52
2025-04-12,pct wk covid lab det,3,2025-05-03,mb,quantile,0.5,2.02
2025-04-12,pct wk covid lab det,3,2025-05-03,mb,quantile,0.75,2.53
2025-04-12,pct wk covid lab det,3,2025-05-03,mb,quantile,0.9,3.11
2025-04-12,pct wk covid lab det,3,2025-05-03,mb,quantile,0.975,4.29
2025-04-12,pct wk rsv lab det,0,2025-04-12,nb,quantile,0.025,0.0
2025-04-12,pct wk rsv lab det,0,2025-04-12,nb,quantile,0.1,0.0
2025-04-12,pct wk rsv lab det,0,2025-04-12,nb,quantile,0.25,1.05
2025-04-12,pct wk rsv lab det,0,2025-04-12,nb,quantile,0.5,1.59
2025-04-12,pct wk rsv lab det,0,2025-04-12,nb,quantile,0.75,2.32
2025-04-12,pct wk rsv lab det,0,2025-04-12,nb,quantile,0.9,3.11
2025-04-12,pct wk rsv lab det,0,2025-04-12,nb,quantile,0.975,5.14
2025-04-12,pct wk rsv lab det,1,2025-04-19,nb,quantile,0.025,0.0
2025-04-12,pct wk rsv lab det,1,2025-04-19,nb,quantile,0.1,0.24
2025-04-12,pct wk rsv lab det,1,2025-04-19,nb,quantile,0.25,1.25
2025-04-12,pct wk rsv lab det,1,2025-04-19,nb,quantile,0.5,1.76
2025-04-12,pct wk rsv lab det,1,2025-04-19,nb,quantile,0.75,2.4
2025-04-12,pct wk rsv lab det,1,2025-04-19,nb,quantile,0.9,3.34
2025-04-12,pct wk rsv lab det,1,2025-04-19,nb,quantile,0.975,5.0
2025-04-12,pct wk rsv lab det,2,2025-04-26,nb,quantile,0.025,0.0
2025-04-12,pct wk rsv lab det,2,2025-04-26,nb,quantile,0.1,0.0
2025-04-12,pct wk rsv lab det,2,2025-04-26,nb,quantile,0.25,0.0
2025-04-12,pct wk rsv lab det,2,2025-04-26,nb,quantile,0.5,0.2
2025-04-12,pct wk rsv lab det,2,2025-04-26,nb,quantile,0.75,0.75
2025-04-12,pct wk rsv lab det,2,2025-04-26,nb,quantile,0.9,1.7
2025-04-12,pct wk rsv lab det,2,2025-04-26,nb,quantile,0.975,4.0
2025-04-12,pct wk rsv lab det,3,2025-05-03,nb,quantile,0.025,0.0
2025-04-12,pct wk rsv lab det,3,2025-05-03,nb,quantile,0.1,0.0
2025-04-12,pct wk rsv lab det,3,2025-05-03,nb,quantile,0.25,0.0
2025-04-12,pct wk rsv lab det,3,2025-05-03,nb,quantile,0.5,0.0
2025-04-12,pct wk rsv lab det,3,2025-05-03,nb,quantile,0.75,0.0
2025-04-12,pct wk rsv lab det,3,2025-05-03,nb,quantile,0.9,0.68
2025-04-12,pct wk rsv lab det,3,2025-05-03,nb,quantile,0.975,2.12
2025-04-12,pct wk flu lab det,0,2025-04-12,nb,quantile,0.025,11.79
2025-04-12,pct wk flu lab det,0,2025-04-12,nb,quantile,0.1,13.68
2025-04-12,pct wk flu lab det,0,2025-04-12,nb,quantile,0.25,15.29
2025-04-12,pct wk flu lab det,0,2025-04-12,nb,quantile,0.5,16.25
2025-04-12,pct wk flu lab det,0,2025-04-12,nb,quantile,0.75,17.48
2025-04-12,pct wk flu lab det,0,2025-04-12,nb,quantile,0.9,19.1
2025-04-12,pct wk flu lab det,0,2025-04-12,nb,quantile,0.975,22.78
2025-04-12,pct wk flu lab det,1,2025-04-19,nb,quantile,0.025,12.7
2025-04-12,pct wk flu lab det,1,2025-04-19,nb,quantile,0.1,14.66
2025-04-12,pct wk flu lab det,1,2025-04-19,nb,quantile,0.25,16.2
2025-04-12,pct wk flu lab det,1,2025-04-19,nb,quantile,0.5,16.96
2025-04-12,pct wk flu lab det,1,2025-04-19,nb,quantile,0.75,17.85
2025-04-12,pct wk flu lab det,1,2025-04-19,nb,quantile,0.9,20.72
2025-04-12,pct wk flu lab det,1,2025-04-19,nb,quantile,0.975,23.16
2025-04-12,pct wk flu lab det,2,2025-04-26,nb,quantile,0.025,11.66
2025-04-12,pct wk flu lab det,2,2025-04-26,nb,quantile,0.1,14.58
2025-04-12,pct wk flu lab det,2,2025-04-26,nb,quantile,0.25,16.23
2025-04-12,pct wk flu lab det,2,2025-04-26,nb,quantile,0.5,17.03
2025-04-12,pct wk flu lab det,2,2025-04-26,nb,quantile,0.75,17.98
2025-04-12,pct wk flu lab det,2,2025-04-26,nb,quantile,0.9,20.05
2025-04-12,pct wk flu lab det,2,2025-04-26,nb,quantile,0.975,22.88
2025-04-12,pct wk flu lab det,3,2025-05-03,nb,quantile,0.025,12.43
2025-04-12,pct wk flu lab det,3,2025-05-03,nb,quantile,0.1,15.16
2025-04-12,pct wk flu lab det,3,2025-05-03,nb,quantile,0.25,16.8
2025-04-12,pct wk flu lab det,3,2025-05-03,nb,quantile,0.5,17.81
2025-04-12,pct wk flu lab det,3,2025-05-03,nb,quantile,0.75,18.78
2025-04-12,pct wk flu lab det,3,2025-05-03,nb,quantile,0.9,21.58
2025-04-12,pct wk flu lab det,3,2025-05-03,nb,quantile,0.975,24.75
2025-04-12,pct wk covid lab det,0,2025-04-12,nb,quantile,0.025,0.84
2025-04-12,pct wk covid lab det,0,2025-04-12,nb,quantile,0.1,1.94
2025-04-12,pct wk covid lab det,0,2025-04-12,nb,quantile,0.25,2.83
2025-04-12,pct wk covid lab det,0,2025-04-12,nb,quantile,0.5,3.3
2025-04-12,pct wk covid lab det,0,2025-04-12,nb,quantile,0.75,3.72
2025-04-12,pct wk covid lab det,0,2025-04-12,nb,quantile,0.9,4.17
2025-04-12,pct wk covid lab det,0,2025-04-12,nb,quantile,0.975,5.64
2025-04-12,pct wk covid lab det,1,2025-04-19,nb,quantile,0.025,1.25
2025-04-12,pct wk covid lab det,1,2025-04-19,nb,quantile,0.1,2.38
2025-04-12,pct wk covid lab det,1,2025-04-19,nb,quantile,0.25,3.18
2025-04-12,pct wk covid lab det,1,2025-04-19,nb,quantile,0.5,3.55
2025-04-12,pct wk covid lab det,1,2025-04-19,nb,quantile,0.75,3.98
2025-04-12,pct wk covid lab det,1,2025-04-19,nb,quantile,0.9,4.42
2025-04-12,pct wk covid lab det,1,2025-04-19,nb,quantile,0.975,6.46
2025-04-12,pct wk covid lab det,2,2025-04-26,nb,quantile,0.025,1.99
2025-04-12,pct wk covid lab det,2,2025-04-26,nb,quantile,0.1,3.53
2025-04-12,pct wk covid lab det,2,2025-04-26,nb,quantile,0.25,3.98
2025-04-12,pct wk covid lab det,2,2025-04-26,nb,quantile,0.5,4.41
2025-04-12,pct wk covid lab det,2,2025-04-26,nb,quantile,0.75,4.74
2025-04-12,pct wk covid lab det,2,2025-04-26,nb,quantile,0.9,5.26
2025-04-12,pct wk covid lab det,2,2025-04-26,nb,quantile,0.975,7.61
2025-04-12,pct wk covid lab det,3,2025-05-03,nb,quantile,0.025,2.31
2025-04-12,pct wk covid lab det,3,2025-05-03,nb,quantile,0.1,3.08
2025-04-12,pct wk covid lab det,3,2025-05-03,nb,quantile,0.25,4.17
2025-04-12,pct wk covid lab det,3,2025-05-03,nb,quantile,0.5,4.56
2025-04-12,pct wk covid lab det,3,2025-05-03,nb,quantile,0.75,4.92
2025-04-12,pct wk covid lab det,3,2025-05-03,nb,quantile,0.9,5.28
2025-04-12,pct wk covid lab det,3,2025-05-03,nb,quantile,0.975,6.58
2025-04-12,pct wk rsv lab det,0,2025-04-12,nl,quantile,0.025,0.0
2025-04-12,pct wk rsv lab det,0,2025-04-12,nl,quantile,0.1,2.09
2025-04-12,pct wk rsv lab det,0,2025-04-12,nl,quantile,0.25,3.26
2025-04-12,pct wk rsv lab det,0,2025-04-12,nl,quantile,0.5,4.03
2025-04-12,pct wk rsv lab det,0,2025-04-12,nl,quantile,0.75,4.97
2025-04-12,pct wk rsv lab det,0,2025-04-12,nl,quantile,0.9,6.56
2025-04-12,pct wk rsv lab det,0,2025-04-12,nl,quantile,0.975,9.87
2025-04-12,pct wk rsv lab det,1,2025-04-19,nl,quantile,0.025,1.09
2025-04-12,pct wk rsv lab det,1,2025-04-19,nl,quantile,0.1,3.11
2025-04-12,pct wk rsv lab det,1,2025-04-19,nl,quantile,0.25,4.2
2025-04-12,pct wk rsv lab det,1,2025-04-19,nl,quantile,0.5,5.03
2025-04-12,pct wk rsv lab det,1,2025-04-19,nl,quantile,0.75,5.96
2025-04-12,pct wk rsv lab det,1,2025-04-19,nl,quantile,0.9,7.17
2025-04-12,pct wk rsv lab det,1,2025-04-19,nl,quantile,0.975,8.93
2025-04-12,pct wk rsv lab det,2,2025-04-26,nl,quantile,0.025,0.0
2025-04-12,pct wk rsv lab det,2,2025-04-26,nl,quantile,0.1,0.0
2025-04-12,pct wk rsv lab det,2,2025-04-26,nl,quantile,0.25,0.33
2025-04-12,pct wk rsv lab det,2,2025-04-26,nl,quantile,0.5,1.27
2025-04-12,pct wk rsv lab det,2,2025-04-26,nl,quantile,0.75,2.33
2025-04-12,pct wk rsv lab det,2,2025-04-26,nl,quantile,0.9,3.55
2025-04-12,pct wk rsv lab det,2,2025-04-26,nl,quantile,0.975,5.77
2025-04-12,pct wk rsv lab det,3,2025-05-03,nl,quantile,0.025,0.0
2025-04-12,pct wk rsv lab det,3,2025-05-03,nl,quantile,0.1,0.0
2025-04-12,pct wk rsv lab det,3,2025-05-03,nl,quantile,0.25,0.0
2025-04-12,pct wk rsv lab det,3,2025-05-03,nl,quantile,0.5,0.0
2025-04-12,pct wk rsv lab det,3,2025-05-03,nl,quantile,0.75,0.91
2025-04-12,pct wk rsv lab det,3,2025-05-03,nl,quantile,0.9,2.33
2025-04-12,pct wk rsv lab det,3,2025-05-03,nl,quantile,0.975,4.57
2025-04-12,pct wk flu lab det,0,2025-04-12,nl,quantile,0.025,22.14
2025-04-12,pct wk flu lab det,0,2025-04-12,nl,quantile,0.1,25.88
2025-04-12,pct wk flu lab det,0,2025-04-12,nl,quantile,0.25,28.66
2025-04-12,pct wk flu lab det,0,2025-04-12,nl,quantile,0.5,29.25
2025-04-12,pct wk flu lab det,0,2025-04-12,nl,quantile,0.75,30.13
2025-04-12,pct wk flu lab det,0,2025-04-12,nl,quantile,0.9,31.37
2025-04-12,pct wk flu lab det,0,2025-04-12,nl,quantile,0.975,34.53
2025-04-12,pct wk flu lab det,1,2025-04-19,nl,quantile,0.025,23.0
2025-04-12,pct wk flu lab det,1,2025-04-19,nl,quantile,0.1,25.64
2025-04-12,pct wk flu lab det,1,2025-04-19,nl,quantile,0.25,27.53
2025-04-12,pct wk flu lab det,1,2025-04-19,nl,quantile,0.5,28.14
2025-04-12,pct wk flu lab det,1,2025-04-19,nl,quantile,0.75,29.27
2025-04-12,pct wk flu lab det,1,2025-04-19,nl,quantile,0.9,31.08
2025-04-12,pct wk flu lab det,1,2025-04-19,nl,quantile,0.975,34.22
2025-04-12,pct wk flu lab det,2,2025-04-26,nl,quantile,0.025,22.67
2025-04-12,pct wk flu lab det,2,2025-04-26,nl,quantile,0.1,26.56
2025-04-12,pct wk flu lab det,2,2025-04-26,nl,quantile,0.25,28.69
2025-04-12,pct wk flu lab det,2,2025-04-26,nl,quantile,0.5,29.67
2025-04-12,pct wk flu lab det,2,2025-04-26,nl,quantile,0.75,30.52
2025-04-12,pct wk flu lab det,2,2025-04-26,nl,quantile,0.9,31.9
2025-04-12,pct wk flu lab det,2,2025-04-26,nl,quantile,0.975,35.22
2025-04-12,pct wk flu lab det,3,2025-05-03,nl,quantile,0.025,22.87
2025-04-12,pct wk flu lab det,3,2025-05-03,nl,quantile,0.1,25.73
2025-04-12,pct wk flu lab det,3,2025-05-03,nl,quantile,0.25,27.36
2025-04-12,pct wk flu lab det,3,2025-05-03,nl,quantile,0.5,28.04
2025-04-12,pct wk flu lab det,3,2025-05-03,nl,quantile,0.75,29.08
2025-04-12,pct wk flu lab det,3,2025-05-03,nl,quantile,0.9,30.61
2025-04-12,pct wk flu lab det,3,2025-05-03,nl,quantile,0.975,33.34
2025-04-12,pct wk covid lab det,0,2025-04-12,nl,quantile,0.025,0.0
2025-04-12,pct wk covid lab det,0,2025-04-12,nl,quantile,0.1,0.0
2025-04-12,pct wk covid lab det,0,2025-04-12,nl,quantile,0.25,0.0
2025-04-12,pct wk covid lab det,0,2025-04-12,nl,quantile,0.5,0.56
2025-04-12,pct wk covid lab det,0,2025-04-12,nl,quantile,0.75,1.28
2025-04-12,pct wk covid lab det,0,2025-04-12,nl,quantile,0.9,1.93
2025-04-12,pct wk covid lab det,0,2025-04-12,nl,quantile,0.975,3.56
2025-04-12,pct wk covid lab det,1,2025-04-19,nl,quantile,0.025,0.0
2025-04-12,pct wk covid lab det,1,2025-04-19,nl,quantile,0.1,0.0
2025-04-12,pct wk covid lab det,1,2025-04-19,nl,quantile,0.25,0.0
2025-04-12,pct wk covid lab det,1,2025-04-19,nl,quantile,0.5,0.22
2025-04-12,pct wk covid lab det,1,2025-04-19,nl,quantile,0.75,0.83
2025-04-12,pct wk covid lab det,1,2025-04-19,nl,quantile,0.9,1.79
2025-04-12,pct wk covid lab det,1,2025-04-19,nl,quantile,0.975,3.67
2025-04-12,pct wk covid lab det,2,2025-04-26,nl,quantile,0.025,0.0
2025-04-12,pct wk covid lab det,2,2025-04-26,nl,quantile,0.1,0.0
2025-04-12,pct wk covid lab det,2,2025-04-26,nl,quantile,0.25,0.0
2025-04-12,pct wk covid lab det,2,2025-04-26,nl,quantile,0.5,0.68
2025-04-12,pct wk covid lab det,2,2025-04-26,nl,quantile,0.75,1.34
2025-04-12,pct wk covid lab det,2,2025-04-26,nl,quantile,0.9,2.3
2025-04-12,pct wk covid lab det,2,2025-04-26,nl,quantile,0.975,4.2
2025-04-12,pct wk covid lab det,3,2025-05-03,nl,quantile,0.025,0.0
2025-04-12,pct wk covid lab det,3,2025-05-03,nl,quantile,0.1,0.0
2025-04-12,pct wk covid lab det,3,2025-05-03,nl,quantile,0.25,0.0
2025-04-12,pct wk covid lab det,3,2025-05-03,nl,quantile,0.5,0.45
2025-04-12,pct wk covid lab det,3,2025-05-03,nl,quantile,0.75,1.16
2025-04-12,pct wk covid lab det,3,2025-05-03,nl,quantile,0.9,2.43
2025-04-12,pct wk covid lab det,3,2025-05-03,nl,quantile,0.975,4.6
2025-04-12,pct wk rsv lab det,0,2025-04-12,ns,quantile,0.025,0.04
2025-04-12,pct wk rsv lab det,0,2025-04-12,ns,quantile,0.1,1.19
2025-04-12,pct wk rsv lab det,0,2025-04-12,ns,quantile,0.25,2.02
2025-04-12,pct wk rsv lab det,0,2025-04-12,ns,quantile,0.5,2.62
2025-04-12,pct wk rsv lab det,0,2025-04-12,ns,quantile,0.75,3.1
2025-04-12,pct wk rsv lab det,0,2025-04-12,ns,quantile,0.9,4.16
2025-04-12,pct wk rsv lab det,0,2025-04-12,ns,quantile,0.975,5.79
2025-04-12,pct wk rsv lab det,1,2025-04-19,ns,quantile,0.025,0.0
2025-04-12,pct wk rsv lab det,1,2025-04-19,ns,quantile,0.1,0.0
2025-04-12,pct wk rsv lab det,1,2025-04-19,ns,quantile,0.25,0.56
2025-04-12,pct wk rsv lab det,1,2025-04-19,ns,quantile,0.5,1.09
2025-04-12,pct wk rsv lab det,1,2025-04-19,ns,quantile,0.75,1.62
2025-04-12,pct wk rsv lab det,1,2025-04-19,ns,quantile,0.9,2.79
2025-04-12,pct wk rsv lab det,1,2025-04-19,ns,quantile,0.975,4.3
2025-04-12,pct wk rsv lab det,2,2025-04-26,ns,quantile,0.025,0.0
2025-04-12,pct wk rsv lab det,2,2025-04-26,ns,quantile,0.1,1.66
2025-04-12,pct wk rsv lab det,2,2025-04-26,ns,quantile,0.25,2.57
2025-04-12,pct wk rsv lab det,2,2025-04-26,ns,quantile,0.5,3.14
2025-04-12,pct wk rsv lab det,2,2025-04-26,ns,quantile,0.75,3.67
2025-04-12,pct wk rsv lab det,2,2025-04-26,ns,quantile,0.9,4.81
2025-04-12,pct wk rsv lab det,2,2025-04-26,ns,quantile,0.975,6.18
2025-04-12,pct wk rsv lab det,3,2025-05-03,ns,quantile,0.025,0.43
2025-04-12,pct wk rsv lab det,3,2025-05-03,ns,quantile,0.1,2.22
2025-04-12,pct wk rsv lab det,3,2025-05-03,ns,quantile,0.25,3.13
2025-04-12,pct wk rsv lab det,3,2025-05-03,ns,quantile,0.5,3.67
2025-04-12,pct wk rsv lab det,3,2025-05-03,ns,quantile,0.75,4.05
2025-04-12,pct wk rsv lab det,3,2025-05-03,ns,quantile,0.9,4.79
2025-04-12,pct wk rsv lab det,3,2025-05-03,ns,quantile,0.975,7.35
2025-04-12,pct wk flu lab det,0,2025-04-12,ns,quantile,0.025,12.91
2025-04-12,pct wk flu lab det,0,2025-04-12,ns,quantile,0.1,14.5
2025-04-12,pct wk flu lab det,0,2025-04-12,ns,quantile,0.25,15.91
2025-04-12,pct wk flu lab det,0,2025-04-12,ns,quantile,0.5,16.49
2025-04-12,pct wk flu lab det,0,2025-04-12,ns,quantile,0.75,17.29
2025-04-12,pct wk flu lab det,0,2025-04-12,ns,quantile,0.9,19.08
2025-04-12,pct wk flu lab det,0,2025-04-12,ns,quantile,0.975,20.59
2025-04-12,pct wk flu lab det,1,2025-04-19,ns,quantile,0.025,12.87
2025-04-12,pct wk flu lab det,1,2025-04-19,ns,quantile,0.1,14.04
2025-04-12,pct wk flu lab det,1,2025-04-19,ns,quantile,0.25,15.69
2025-04-12,pct wk flu lab det,1,2025-04-19,ns,quantile,0.5,16.45
2025-04-12,pct wk flu lab det,1,2025-04-19,ns,quantile,0.75,17.1
2025-04-12,pct wk flu lab det,1,2025-04-19,ns,quantile,0.9,18.55
2025-04-12,pct wk flu lab det,1,2025-04-19,ns,quantile,0.975,20.79
2025-04-12,pct wk flu lab det,2,2025-04-26,ns,quantile,0.025,9.55
2025-04-12,pct wk flu lab det,2,2025-04-26,ns,quantile,0.1,12.32
2025-04-12,pct wk flu lab det,2,2025-04-26,ns,quantile,0.25,13.82
2025-04-12,pct wk flu lab det,2,2025-04-26,ns,quantile,0.5,14.64
2025-04-12,pct wk flu lab det,2,2025-04-26,ns,quantile,0.75,15.4
2025-04-12,pct wk flu lab det,2,2025-04-26,ns,quantile,0.9,17.29
2025-04-12,pct wk flu lab det,2,2025-04-26,ns,quantile,0.975,19.1
2025-04-12,pct wk flu lab det,3,2025-05-03,ns,quantile,0.025,8.93
2025-04-12,pct wk flu lab det,3,2025-05-03,ns,quantile,0.1,11.7
2025-04-12,pct wk flu lab det,3,2025-05-03,ns,quantile,0.25,13.43
2025-04-12,pct wk flu lab det,3,2025-05-03,ns,quantile,0.5,14.26
2025-04-12,pct wk flu lab det,3,2025-05-03,ns,quantile,0.75,14.86
2025-04-12,pct wk flu lab det,3,2025-05-03,ns,quantile,0.9,16.53
2025-04-12,pct wk flu lab det,3,2025-05-03,ns,quantile,0.975,18.63
2025-04-12,pct wk covid lab det,0,2025-04-12,ns,quantile,0.025,0.0
2025-04-12,pct wk covid lab det,0,2025-04-12,ns,quantile,0.1,0.58
2025-04-12,pct wk covid lab det,0,2025-04-12,ns,quantile,0.25,1.28
2025-04-12,pct wk covid lab det,0,2025-04-12,ns,quantile,0.5,1.86
2025-04-12,pct wk covid lab det,0,2025-04-12,ns,quantile,0.75,2.44
2025-04-12,pct wk covid lab det,0,2025-04-12,ns,quantile,0.9,3.21
2025-04-12,pct wk covid lab det,0,2025-04-12,ns,quantile,0.975,4.72
2025-04-12,pct wk covid lab det,1,2025-04-19,ns,quantile,0.025,0.0
2025-04-12,pct wk covid lab det,1,2025-04-19,ns,quantile,0.1,0.0
2025-04-12,pct wk covid lab det,1,2025-04-19,ns,quantile,0.25,0.74
2025-04-12,pct wk covid lab det,1,2025-04-19,ns,quantile,0.5,1.29
2025-04-12,pct wk covid lab det,1,2025-04-19,ns,quantile,0.75,1.88
2025-04-12,pct wk covid lab det,1,2025-04-19,ns,quantile,0.9,2.5
2025-04-12,pct wk covid lab det,1,2025-04-19,ns,quantile,0.975,4.02
2025-04-12,pct wk covid lab det,2,2025-04-26,ns,quantile,0.025,0.0
2025-04-12,pct wk covid lab det,2,2025-04-26,ns,quantile,0.1,0.27
2025-04-12,pct wk covid lab det,2,2025-04-26,ns,quantile,0.25,0.98
2025-04-12,pct wk covid lab det,2,2025-04-26,ns,quantile,0.5,1.62
2025-04-12,pct wk covid lab det,2,2025-04-26,ns,quantile,0.75,2.07
2025-04-12,pct wk covid lab det,2,2025-04-26,ns,quantile,0.9,2.77
2025-04-12,pct wk covid lab det,2,2025-04-26,ns,quantile,0.975,5.55
2025-04-12,pct wk covid lab det,3,2025-05-03,ns,quantile,0.025,0.0
2025-04-12,pct wk covid lab det,3,2025-05-03,ns,quantile,0.1,0.0
2025-04-12,pct wk covid lab det,3,2025-05-03,ns,quantile,0.25,0.22
2025-04-12,pct wk covid lab det,3,2025-05-03,ns,quantile,0.5,0.72
2025-04-12,pct wk covid lab det,3,2025-05-03,ns,quantile,0.75,1.35
2025-04-12,pct wk covid lab det,3,2025-05-03,ns,quantile,0.9,1.9
2025-04-12,pct wk covid lab det,3,2025-05-03,ns,quantile,0.975,4.84
2025-04-12,pct wk rsv lab det,0,2025-04-12,nt,quantile,0.025,0.0
2025-04-12,pct wk rsv lab det,0,2025-04-12,nt,quantile,0.1,6.03
2025-04-12,pct wk rsv lab det,0,2025-04-12,nt,quantile,0.25,8.84
2025-04-12,pct wk rsv lab det,0,2025-04-12,nt,quantile,0.5,10.64
2025-04-12,pct wk rsv lab det,0,2025-04-12,nt,quantile,0.75,12.52
2025-04-12,pct wk rsv lab det,0,2025-04-12,nt,quantile,0.9,14.49
2025-04-12,pct wk rsv lab det,0,2025-04-12,nt,quantile,0.975,23.13
2025-04-12,pct wk rsv lab det,1,2025-04-19,nt,quantile,0.025,0.0
2025-04-12,pct wk rsv lab det,1,2025-04-19,nt,quantile,0.1,4.43
2025-04-12,pct wk rsv lab det,1,2025-04-19,nt,quantile,0.25,7.91
2025-04-12,pct wk rsv lab det,1,2025-04-19,nt,quantile,0.5,9.3
2025-04-12,pct wk rsv lab det,1,2025-04-19,nt,quantile,0.75,10.97
2025-04-12,pct wk rsv lab det,1,2025-04-19,nt,quantile,0.9,13.46
2025-04-12,pct wk rsv lab det,1,2025-04-19,nt,quantile,0.975,21.53
2025-04-12,pct wk rsv lab det,2,2025-04-26,nt,quantile,0.025,0.0
2025-04-12,pct wk rsv lab det,2,2025-04-26,nt,quantile,0.1,1.0
2025-04-12,pct wk rsv lab det,2,2025-04-26,nt,quantile,0.25,4.13
2025-04-12,pct wk rsv lab det,2,2025-04-26,nt,quantile,0.5,5.96
2025-04-12,pct wk rsv lab det,2,2025-04-26,nt,quantile,0.75,7.81
2025-04-12,pct wk rsv lab det,2,2025-04-26,nt,quantile,0.9,10.04
2025-04-12,pct wk rsv lab det,2,2025-04-26,nt,quantile,0.975,17.55
2025-04-12,pct wk rsv lab det,3,2025-05-03,nt,quantile,0.025,0.0
2025-04-12,pct wk rsv lab det,3,2025-05-03,nt,quantile,0.1,5.64
2025-04-12,pct wk rsv lab det,3,2025-05-03,nt,quantile,0.25,8.09
2025-04-12,pct wk rsv lab det,3,2025-05-03,nt,quantile,0.5,9.94
2025-04-12,pct wk rsv lab det,3,2025-05-03,nt,quantile,0.75,11.77
2025-04-12,pct wk rsv lab det,3,2025-05-03,nt,quantile,0.9,14.34
2025-04-12,pct wk rsv lab det,3,2025-05-03,nt,quantile,0.975,22.7
2025-04-12,pct wk flu lab det,0,2025-04-12,nt,quantile,0.025,0.0
2025-04-12,pct wk flu lab det,0,2025-04-12,nt,quantile,0.1,1.03
2025-04-12,pct wk flu lab det,0,2025-04-12,nt,quantile,0.25,4.58
2025-04-12,pct wk flu lab det,0,2025-04-12,nt,quantile,0.5,6.65
2025-04-12,pct wk flu lab det,0,2025-04-12,nt,quantile,0.75,8.48
2025-04-12,pct wk flu lab det,0,2025-04-12,nt,quantile,0.9,13.6
2025-04-12,pct wk flu lab det,0,2025-04-12,nt,quantile,0.975,21.68
2025-04-12,pct wk flu lab det,1,2025-04-19,nt,quantile,0.025,0.0
2025-04-12,pct wk flu lab det,1,2025-04-19,nt,quantile,0.1,0.59
2025-04-12,pct wk flu lab det,1,2025-04-19,nt,quantile,0.25,3.22
2025-04-12,pct wk flu lab det,1,2025-04-19,nt,quantile,0.5,5.87
2025-04-12,pct wk flu lab det,1,2025-04-19,nt,quantile,0.75,8.36
2025-04-12,pct wk flu lab det,1,2025-04-19,nt,quantile,0.9,13.5
2025-04-12,pct wk flu lab det,1,2025-04-19,nt,quantile,0.975,21.87
2025-04-12,pct wk flu lab det,2,2025-04-26,nt,quantile,0.025,0.0
2025-04-12,pct wk flu lab det,2,2025-04-26,nt,quantile,0.1,2.07
2025-04-12,pct wk flu lab det,2,2025-04-26,nt,quantile,0.25,7.12
2025-04-12,pct wk flu lab det,2,2025-04-26,nt,quantile,0.5,9.43
2025-04-12,pct wk flu lab det,2,2025-04-26,nt,quantile,0.75,11.57
2025-04-12,pct wk flu lab det,2,2025-04-26,nt,quantile,0.9,15.63
2025-04-12,pct wk flu lab det,2,2025-04-26,nt,quantile,0.975,25.34
2025-04-12,pct wk flu lab det,3,2025-05-03,nt,quantile,0.025,0.0
2025-04-12,pct wk flu lab det,3,2025-05-03,nt,quantile,0.1,5.01
2025-04-12,pct wk flu lab det,3,2025-05-03,nt,quantile,0.25,8.73
2025-04-12,pct wk flu lab det,3,2025-05-03,nt,quantile,0.5,11.46
2025-04-12,pct wk flu lab det,3,2025-05-03,nt,quantile,0.75,13.53
2025-04-12,pct wk flu lab det,3,2025-05-03,nt,quantile,0.9,17.91
2025-04-12,pct wk flu lab det,3,2025-05-03,nt,quantile,0.975,27.81
2025-04-12,pct wk covid lab det,0,2025-04-12,nt,quantile,0.025,0.0
2025-04-12,pct wk covid lab det,0,2025-04-12,nt,quantile,0.1,0.0
2025-04-12,pct wk covid lab det,0,2025-04-12,nt,quantile,0.25,0.0
2025-04-12,pct wk covid lab det,0,2025-04-12,nt,quantile,0.5,0.0
2025-04-12,pct wk covid lab det,0,2025-04-12,nt,quantile,0.75,1.17
2025-04-12,pct wk covid lab det,0,2025-04-12,nt,quantile,0.9,2.32
2025-04-12,pct wk covid lab det,0,2025-04-12,nt,quantile,0.975,8.58
2025-04-12,pct wk covid lab det,1,2025-04-19,nt,quantile,0.025,0.0
2025-04-12,pct wk covid lab det,1,2025-04-19,nt,quantile,0.1,0.0
2025-04-12,pct wk covid lab det,1,2025-04-19,nt,quantile,0.25,0.0
2025-04-12,pct wk covid lab det,1,2025-04-19,nt,quantile,0.5,0.0
2025-04-12,pct wk covid lab det,1,2025-04-19,nt,quantile,0.75,0.29
2025-04-12,pct wk covid lab det,1,2025-04-19,nt,quantile,0.9,1.45
2025-04-12,pct wk covid lab det,1,2025-04-19,nt,quantile,0.975,8.53
2025-04-12,pct wk covid lab det,2,2025-04-26,nt,quantile,0.025,0.0
2025-04-12,pct wk covid lab det,2,2025-04-26,nt,quantile,0.1,0.0
2025-04-12,pct wk covid lab det,2,2025-04-26,nt,quantile,0.25,0.0
2025-04-12,pct wk covid lab det,2,2025-04-26,nt,quantile,0.5,0.0
2025-04-12,pct wk covid lab det,2,2025-04-26,nt,quantile,0.75,0.48
2025-04-12,pct wk covid lab det,2,2025-04-26,nt,quantile,0.9,1.63
2025-04-12,pct wk covid lab det,2,2025-04-26,nt,quantile,0.975,8.31
2025-04-12,pct wk covid lab det,3,2025-05-03,nt,quantile,0.025,0.0
2025-04-12,pct wk covid lab det,3,2025-05-03,nt,quantile,0.1,0.0
2025-04-12,pct wk covid lab det,3,2025-05-03,nt,quantile,0.25,0.0
2025-04-12,pct wk covid lab det,3,2025-05-03,nt,quantile,0.5,0.56
2025-04-12,pct wk covid lab det,3,2025-05-03,nt,quantile,0.75,2.37
2025-04-12,pct wk covid lab det,3,2025-05-03,nt,quantile,0.9,3.56
2025-04-12,pct wk covid lab det,3,2025-05-03,nt,quantile,0.975,8.34
2025-04-12,pct wk rsv lab det,0,2025-04-12,nu,quantile,0.025,11.27
2025-04-12,pct wk rsv lab det,0,2025-04-12,nu,quantile,0.1,17.87
2025-04-12,pct wk rsv lab det,0,2025-04-12,nu,quantile,0.25,19.45
2025-04-12,pct wk rsv lab det,0,2025-04-12,nu,quantile,0.5,20.92
2025-04-12,pct wk rsv lab det,0,2025-04-12,nu,quantile,0.75,22.28
2025-04-12,pct wk rsv lab det,0,2025-04-12,nu,quantile,0.9,24.18
2025-04-12,pct wk rsv lab det,0,2025-04-12,nu,quantile,0.975,26.34
2025-04-12,pct wk rsv lab det,1,2025-04-19,nu,quantile,0.025,9.64
2025-04-12,pct wk rsv lab det,1,2025-04-19,nu,quantile,0.1,16.39
2025-04-12,pct wk rsv lab det,1,2025-04-19,nu,quantile,0.25,18.29
2025-04-12,pct wk rsv lab det,1,2025-04-19,nu,quantile,0.5,19.47
2025-04-12,pct wk rsv lab det,1,2025-04-19,nu,quantile,0.75,20.92
2025-04-12,pct wk rsv lab det,1,2025-04-19,nu,quantile,0.9,23.0
2025-04-12,pct wk rsv lab det,1,2025-04-19,nu,quantile,0.975,26.64
2025-04-12,pct wk rsv lab det,2,2025-04-26,nu,quantile,0.025,11.44
2025-04-12,pct wk rsv lab det,2,2025-04-26,nu,quantile,0.1,18.29
2025-04-12,pct wk rsv lab det,2,2025-04-26,nu,quantile,0.25,19.8
2025-04-12,pct wk rsv lab det,2,2025-04-26,nu,quantile,0.5,21.25
2025-04-12,pct wk rsv lab det,2,2025-04-26,nu,quantile,0.75,22.96
2025-04-12,pct wk rsv lab det,2,2025-04-26,nu,quantile,0.9,24.76
2025-04-12,pct wk rsv lab det,2,2025-04-26,nu,quantile,0.975,31.03
2025-04-12,pct wk rsv lab det,3,2025-05-03,nu,quantile,0.025,9.81
2025-04-12,pct wk rsv lab det,3,2025-05-03,nu,quantile,0.1,16.78
2025-04-12,pct wk rsv lab det,3,2025-05-03,nu,quantile,0.25,18.47
2025-04-12,pct wk rsv lab det,3,2025-05-03,nu,quantile,0.5,19.82
2025-04-12,pct wk rsv lab det,3,2025-05-03,nu,quantile,0.75,21.3
2025-04-12,pct wk rsv lab det,3,2025-05-03,nu,quantile,0.9,23.18
2025-04-12,pct wk rsv lab det,3,2025-05-03,nu,quantile,0.975,25.93
2025-04-12,pct wk flu lab det,0,2025-04-12,nu,quantile,0.025,0.0
2025-04-12,pct wk flu lab det,0,2025-04-12,nu,quantile,0.1,1.9
2025-04-12,pct wk flu lab det,0,2025-04-12,nu,quantile,0.25,6.1
2025-04-12,pct wk flu lab det,0,2025-04-12,nu,quantile,0.5,8.72
2025-04-12,pct wk flu lab det,0,2025-04-12,nu,quantile,0.75,10.56
2025-04-12,pct wk flu lab det,0,2025-04-12,nu,quantile,0.9,12.92
2025-04-12,pct wk flu lab det,0,2025-04-12,nu,quantile,0.975,23.27
2025-04-12,pct wk flu lab det,1,2025-04-19,nu,quantile,0.025,0.0
2025-04-12,pct wk flu lab det,1,2025-04-19,nu,quantile,0.1,1.11
2025-04-12,pct wk flu lab det,1,2025-04-19,nu,quantile,0.25,5.81
2025-04-12,pct wk flu lab det,1,2025-04-19,nu,quantile,0.5,7.95
2025-04-12,pct wk flu lab det,1,2025-04-19,nu,quantile,0.75,9.73
2025-04-12,pct wk flu lab det,1,2025-04-19,nu,quantile,0.9,12.13
2025-04-12,pct wk flu lab det,1,2025-04-19,nu,quantile,0.975,20.44
2025-04-12,pct wk flu lab det,2,2025-04-26,nu,quantile,0.025,0.92
2025-04-12,pct wk flu lab det,2,2025-04-26,nu,quantile,0.1,5.0
2025-04-12,pct wk flu lab det,2,2025-04-26,nu,quantile,0.25,9.97
2025-04-12,pct wk flu lab det,2,2025-04-26,nu,quantile,0.5,11.74
2025-04-12,pct wk flu lab det,2,2025-04-26,nu,quantile,0.75,13.56
2025-04-12,pct wk flu lab det,2,2025-04-26,nu,quantile,0.9,16.12
2025-04-12,pct wk flu lab det,2,2025-04-26,nu,quantile,0.975,23.44
2025-04-12,pct wk flu lab det,3,2025-05-03,nu,quantile,0.025,1.5
2025-04-12,pct wk flu lab det,3,2025-05-03,nu,quantile,0.1,4.79
2025-04-12,pct wk flu lab det,3,2025-05-03,nu,quantile,0.25,9.73
2025-04-12,pct wk flu lab det,3,2025-05-03,nu,quantile,0.5,11.53
2025-04-12,pct wk flu lab det,3,2025-05-03,nu,quantile,0.75,13.36
2025-04-12,pct wk flu lab det,3,2025-05-03,nu,quantile,0.9,16.0
2025-04-12,pct wk flu lab det,3,2025-05-03,nu,quantile,0.975,25.88
2025-04-12,pct wk covid lab det,0,2025-04-12,nu,quantile,0.025,0.0
2025-04-12,pct wk covid lab det,0,2025-04-12,nu,quantile,0.1,0.0
2025-04-12,pct wk covid lab det,0,2025-04-12,nu,quantile,0.25,0.0
2025-04-12,pct wk covid lab det,0,2025-04-12,nu,quantile,0.5,0.01
2025-04-12,pct wk covid lab det,0,2025-04-12,nu,quantile,0.75,0.63
2025-04-12,pct wk covid lab det,0,2025-04-12,nu,quantile,0.9,1.69
2025-04-12,pct wk covid lab det,0,2025-04-12,nu,quantile,0.975,5.68
2025-04-12,pct wk covid lab det,1,2025-04-19,nu,quantile,0.025,0.0
2025-04-12,pct wk covid lab det,1,2025-04-19,nu,quantile,0.1,0.0
2025-04-12,pct wk covid lab det,1,2025-04-19,nu,quantile,0.25,0.0
2025-04-12,pct wk covid lab det,1,2025-04-19,nu,quantile,0.5,0.0
2025-04-12,pct wk covid lab det,1,2025-04-19,nu,quantile,0.75,0.0
2025-04-12,pct wk covid lab det,1,2025-04-19,nu,quantile,0.9,0.59
2025-04-12,pct wk covid lab det,1,2025-04-19,nu,quantile,0.975,3.2
2025-04-12,pct wk covid lab det,2,2025-04-26,nu,quantile,0.025,0.0
2025-04-12,pct wk covid lab det,2,2025-04-26,nu,quantile,0.1,0.0
2025-04-12,pct wk covid lab det,2,2025-04-26,nu,quantile,0.25,0.0
2025-04-12,pct wk covid lab det,2,2025-04-26,nu,quantile,0.5,0.09
2025-04-12,pct wk covid lab det,2,2025-04-26,nu,quantile,0.75,0.74
2025-04-12,pct wk covid lab det,2,2025-04-26,nu,quantile,0.9,1.75
2025-04-12,pct wk covid lab det,2,2025-04-26,nu,quantile,0.975,4.39
2025-04-12,pct wk covid lab det,3,2025-05-03,nu,quantile,0.025,0.0
2025-04-12,pct wk covid lab det,3,2025-05-03,nu,quantile,0.1,0.0
2025-04-12,pct wk covid lab det,3,2025-05-03,nu,quantile,0.25,0.0
2025-04-12,pct wk covid lab det,3,2025-05-03,nu,quantile,0.5,0.0
2025-04-12,pct wk covid lab det,3,2025-05-03,nu,quantile,0.75,0.32
2025-04-12,pct wk covid lab det,3,2025-05-03,nu,quantile,0.9,1.23
2025-04-12,pct wk covid lab det,3,2025-05-03,nu,quantile,0.975,3.91
2025-04-12,pct wk rsv lab det,0,2025-04-12,on,quantile,0.025,0.0
2025-04-12,pct wk rsv lab det,0,2025-04-12,on,quantile,0.1,0.0
2025-04-12,pct wk rsv lab det,0,2025-04-12,on,quantile,0.25,0.29
2025-04-12,pct wk rsv lab det,0,2025-04-12,on,quantile,0.5,0.59
2025-04-12,pct wk rsv lab det,0,2025-04-12,on,quantile,0.75,0.84
2025-04-12,pct wk rsv lab det,0,2025-04-12,on,quantile,0.9,1.31
2025-04-12,pct wk rsv lab det,0,2025-04-12,on,quantile,0.975,2.35
2025-04-12,pct wk rsv lab det,1,2025-04-19,on,quantile,0.025,0.0
2025-04-12,pct wk rsv lab det,1,2025-04-19,on,quantile,0.1,0.0
2025-04-12,pct wk rsv lab det,1,2025-04-19,on,quantile,0.25,0.09
2025-04-12,pct wk rsv lab det,1,2025-04-19,on,quantile,0.5,0.35
2025-04-12,pct wk rsv lab det,1,2025-04-19,on,quantile,0.75,0.67
2025-04-12,pct wk rsv lab det,1,2025-04-19,on,quantile,0.9,1.09
2025-04-12,pct wk rsv lab det,1,2025-04-19,on,quantile,0.975,1.71
2025-04-12,pct wk rsv lab det,2,2025-04-26,on,quantile,0.025,0.0
2025-04-12,pct wk rsv lab det,2,2025-04-26,on,quantile,0.1,0.0
2025-04-12,pct wk rsv lab det,2,2025-04-26,on,quantile,0.25,0.0
2025-04-12,pct wk rsv lab det,2,2025-04-26,on,quantile,0.5,0.0
2025-04-12,pct wk rsv lab det,2,2025-04-26,on,quantile,0.75,0.28
2025-04-12,pct wk rsv lab det,2,2025-04-26,on,quantile,0.9,0.82
2025-04-12,pct wk rsv lab det,2,2025-04-26,on,quantile,0.975,1.18
2025-04-12,pct wk rsv lab det,3,2025-05-03,on,quantile,0.025,0.0
2025-04-12,pct wk rsv lab det,3,2025-05-03,on,quantile,0.1,0.0
2025-04-12,pct wk rsv lab det,3,2025-05-03,on,quantile,0.25,0.0
2025-04-12,pct wk rsv lab det,3,2025-05-03,on,quantile,0.5,0.0
2025-04-12,pct wk rsv lab det,3,2025-05-03,on,quantile,0.75,0.0
2025-04-12,pct wk rsv lab det,3,2025-05-03,on,quantile,0.9,0.33
2025-04-12,pct wk rsv lab det,3,2025-05-03,on,quantile,0.975,0.88
2025-04-12,pct wk flu lab det,0,2025-04-12,on,quantile,0.025,4.18
2025-04-12,pct wk flu lab det,0,2025-04-12,on,quantile,0.1,5.04
2025-04-12,pct wk flu lab det,0,2025-04-12,on,quantile,0.25,5.67
2025-04-12,pct wk flu lab det,0,2025-04-12,on,quantile,0.5,6.08
2025-04-12,pct wk flu lab det,0,2025-04-12,on,quantile,0.75,6.45
2025-04-12,pct wk flu lab det,0,2025-04-12,on,quantile,0.9,7.05
2025-04-12,pct wk flu lab det,0,2025-04-12,on,quantile,0.975,7.84
2025-04-12,pct wk flu lab det,1,2025-04-19,on,quantile,0.025,1.75
2025-04-12,pct wk flu lab det,1,2025-04-19,on,quantile,0.1,2.56
2025-04-12,pct wk flu lab det,1,2025-04-19,on,quantile,0.25,3.39
2025-04-12,pct wk flu lab det,1,2025-04-19,on,quantile,0.5,3.77
2025-04-12,pct wk flu lab det,1,2025-04-19,on,quantile,0.75,4.19
2025-04-12,pct wk flu lab det,1,2025-04-19,on,quantile,0.9,4.74
2025-04-12,pct wk flu lab det,1,2025-04-19,on,quantile,0.975,5.41
2025-04-12,pct wk flu lab det,2,2025-04-26,on,quantile,0.025,0.0
2025-04-12,pct wk flu lab det,2,2025-04-26,on,quantile,0.1,0.35
2025-04-12,pct wk flu lab det,2,2025-04-26,on,quantile,0.25,1.04
2025-04-12,pct wk flu lab det,2,2025-04-26,on,quantile,0.5,1.4
2025-04-12,pct wk flu lab det,2,2025-04-26,on,quantile,0.75,1.83
2025-04-12,pct wk flu lab det,2,2025-04-26,on,quantile,0.9,2.33
2025-04-12,pct wk flu lab det,2,2025-04-26,on,quantile,0.975,3.36
2025-04-12,pct wk flu lab det,3,2025-05-03,on,quantile,0.025,0.0
2025-04-12,pct wk flu lab det,3,2025-05-03,on,quantile,0.1,0.0
2025-04-12,pct wk flu lab det,3,2025-05-03,on,quantile,0.25,0.0
2025-04-12,pct wk flu lab det,3,2025-05-03,on,quantile,0.5,0.0
2025-04-12,pct wk flu lab det,3,2025-05-03,on,quantile,0.75,0.27
2025-04-12,pct wk flu lab det,3,2025-05-03,on,quantile,0.9,0.87
2025-04-12,pct wk flu lab det,3,2025-05-03,on,quantile,0.975,1.71
2025-04-12,pct wk covid lab det,0,2025-04-12,on,quantile,0.025,0.19
2025-04-12,pct wk covid lab det,0,2025-04-12,on,quantile,0.1,0.97
2025-04-12,pct wk covid lab det,0,2025-04-12,on,quantile,0.25,1.67
2025-04-12,pct wk covid lab det,0,2025-04-12,on,quantile,0.5,2.03
2025-04-12,pct wk covid lab det,0,2025-04-12,on,quantile,0.75,2.35
2025-04-12,pct wk covid lab det,0,2025-04-12,on,quantile,0.9,2.91
2025-04-12,pct wk covid lab det,0,2025-04-12,on,quantile,0.975,3.9
2025-04-12,pct wk covid lab det,1,2025-04-19,on,quantile,0.025,0.0
2025-04-12,pct wk covid lab det,1,2025-04-19,on,quantile,0.1,0.67
2025-04-12,pct wk covid lab det,1,2025-04-19,on,quantile,0.25,1.21
2025-04-12,pct wk covid lab det,1,2025-04-19,on,quantile,0.5,1.59
2025-04-12,pct wk covid lab det,1,2025-04-19,on,quantile,0.75,1.88
2025-04-12,pct wk covid lab det,1,2025-04-19,on,quantile,0.9,2.4
2025-04-12,pct wk covid lab det,1,2025-04-19,on,quantile,0.975,3.43
2025-04-12,pct wk covid lab det,2,2025-04-26,on,quantile,0.025,0.0
2025-04-12,pct wk covid lab det,2,2025-04-26,on,quantile,0.1,0.3
2025-04-12,pct wk covid lab det,2,2025-04-26,on,quantile,0.25,0.93
2025-04-12,pct wk covid lab det,2,2025-04-26,on,quantile,0.5,1.31
2025-04-12,pct wk covid lab det,2,2025-04-26,on,quantile,0.75,1.67
2025-04-12,pct wk covid lab det,2,2025-04-26,on,quantile,0.9,2.15
2025-04-12,pct wk covid lab det,2,2025-04-26,on,quantile,0.975,3.12
2025-04-12,pct wk covid lab det,3,2025-05-03,on,quantile,0.025,0.0
2025-04-12,pct wk covid lab det,3,2025-05-03,on,quantile,0.1,0.06
2025-04-12,pct wk covid lab det,3,2025-05-03,on,quantile,0.25,0.72
2025-04-12,pct wk covid lab det,3,2025-05-03,on,quantile,0.5,1.15
2025-04-12,pct wk covid lab det,3,2025-05-03,on,quantile,0.75,1.5
2025-04-12,pct wk covid lab det,3,2025-05-03,on,quantile,0.9,2.04
2025-04-12,pct wk covid lab det,3,2025-05-03,on,quantile,0.975,3.02
2025-04-12,pct wk rsv lab det,0,2025-04-12,pe,quantile,0.025,0.0
2025-04-12,pct wk rsv lab det,0,2025-04-12,pe,quantile,0.1,0.72
2025-04-12,pct wk rsv lab det,0,2025-04-12,pe,quantile,0.25,2.97
2025-04-12,pct wk rsv lab det,0,2025-04-12,pe,quantile,0.5,4.64
2025-04-12,pct wk rsv lab det,0,2025-04-12,pe,quantile,0.75,5.61
2025-04-12,pct wk rsv lab det,0,2025-04-12,pe,quantile,0.9,8.0
2025-04-12,pct wk rsv lab det,0,2025-04-12,pe,quantile,0.975,11.98
2025-04-12,pct wk rsv lab det,1,2025-04-19,pe,quantile,0.025,0.69
2025-04-12,pct wk rsv lab det,1,2025-04-19,pe,quantile,0.1,4.52
2025-04-12,pct wk rsv lab det,1,2025-04-19,pe,quantile,0.25,6.5
2025-04-12,pct wk rsv lab det,1,2025-04-19,pe,quantile,0.5,8.03
2025-04-12,pct wk rsv lab det,1,2025-04-19,pe,quantile,0.75,9.39
2025-04-12,pct wk rsv lab det,1,2025-04-19,pe,quantile,0.9,12.09
2025-04-12,pct wk rsv lab det,1,2025-04-19,pe,quantile,0.975,16.2
2025-04-12,pct wk rsv lab det,2,2025-04-26,pe,quantile,0.025,0.0
2025-04-12,pct wk rsv lab det,2,2025-04-26,pe,quantile,0.1,3.61
2025-04-12,pct wk rsv lab det,2,2025-04-26,pe,quantile,0.25,5.11
2025-04-12,pct wk rsv lab det,2,2025-04-26,pe,quantile,0.5,6.57
2025-04-12,pct wk rsv lab det,2,2025-04-26,pe,quantile,0.75,7.83
2025-04-12,pct wk rsv lab det,2,2025-04-26,pe,quantile,0.9,10.52
2025-04-12,pct wk rsv lab det,2,2025-04-26,pe,quantile,0.975,14.66
2025-04-12,pct wk rsv lab det,3,2025-05-03,pe,quantile,0.025,0.0
2025-04-12,pct wk rsv lab det,3,2025-05-03,pe,quantile,0.1,1.08
2025-04-12,pct wk rsv lab det,3,2025-05-03,pe,quantile,0.25,3.06
2025-04-12,pct wk rsv lab det,3,2025-05-03,pe,quantile,0.5,4.58
2025-04-12,pct wk rsv lab det,3,2025-05-03,pe,quantile,0.75,5.77
2025-04-12,pct wk rsv lab det,3,2025-05-03,pe,quantile,0.9,8.37
2025-04-12,pct wk rsv lab det,3,2025-05-03,pe,quantile,0.975,11.73
2025-04-12,pct wk flu lab det,0,2025-04-12,pe,quantile,0.025,2.45
2025-04-12,pct wk flu lab det,0,2025-04-12,pe,quantile,0.1,5.71
2025-04-12,pct wk flu lab det,0,2025-04-12,pe,quantile,0.25,8.09
2025-04-12,pct wk flu lab det,0,2025-04-12,pe,quantile,0.5,9.45
2025-04-12,pct wk flu lab det,0,2025-04-12,pe,quantile,0.75,11.07
2025-04-12,pct wk flu lab det,0,2025-04-12,pe,quantile,0.9,13.98
2025-04-12,pct wk flu lab det,0,2025-04-12,pe,quantile,0.975,16.93
2025-04-12,pct wk flu lab det,1,2025-04-19,pe,quantile,0.025,2.65
2025-04-12,pct wk flu lab det,1,2025-04-19,pe,quantile,0.1,5.63
2025-04-12,pct wk flu lab det,1,2025-04-19,pe,quantile,0.25,7.85
2025-04-12,pct wk flu lab det,1,2025-04-19,pe,quantile,0.5,9.45
2025-04-12,pct wk flu lab det,1,2025-04-19,pe,quantile,0.75,10.57
2025-04-12,pct wk flu lab det,1,2025-04-19,pe,quantile,0.9,13.91
2025-04-12,pct wk flu lab det,1,2025-04-19,pe,quantile,0.975,17.68
2025-04-12,pct wk flu lab det,2,2025-04-26,pe,quantile,0.025,0.0
2025-04-12,pct wk flu lab det,2,2025-04-26,pe,quantile,0.1,2.09
2025-04-12,pct wk flu lab det,2,2025-04-26,pe,quantile,0.25,4.36
2025-04-12,pct wk flu lab det,2,2025-04-26,pe,quantile,0.5,6.11
2025-04-12,pct wk flu lab det,2,2025-04-26,pe,quantile,0.75,7.91
2025-04-12,pct wk flu lab det,2,2025-04-26,pe,quantile,0.9,11.2
2025-04-12,pct wk flu lab det,2,2025-04-26,pe,quantile,0.975,17.54
2025-04-12,pct wk flu lab det,3,2025-05-03,pe,quantile,0.025,0.0
2025-04-12,pct wk flu lab det,3,2025-05-03,pe,quantile,0.1,3.92
2025-04-12,pct wk flu lab det,3,2025-05-03,pe,quantile,0.25,6.23
2025-04-12,pct wk flu lab det,3,2025-05-03,pe,quantile,0.5,7.93
2025-04-12,pct wk flu lab det,3,2025-05-03,pe,quantile,0.75,9.56
2025-04-12,pct wk flu lab det,3,2025-05-03,pe,quantile,0.9,12.45
2025-04-12,pct wk flu lab det,3,2025-05-03,pe,quantile,0.975,15.71
2025-04-12,pct wk covid lab det,0,2025-04-12,pe,quantile,0.025,0.0
2025-04-12,pct wk covid lab det,0,2025-04-12,pe,quantile,0.1,0.0
2025-04-12,pct wk covid lab det,0,2025-04-12,pe,quantile,0.25,0.08
2025-04-12,pct wk covid lab det,0,2025-04-12,pe,quantile,0.5,1.02
2025-04-12,pct wk covid lab det,0,2025-04-12,pe,quantile,0.75,2.18
2025-04-12,pct wk covid lab det,0,2025-04-12,pe,quantile,0.9,2.92
2025-04-12,pct wk covid lab det,0,2025-04-12,pe,quantile,0.975,6.37
2025-04-12,pct wk covid lab det,1,2025-04-19,pe,quantile,0.025,0.0
2025-04-12,pct wk covid lab det,1,2025-04-19,pe,quantile,0.1,0.0
2025-04-12,pct wk covid lab det,1,2025-04-19,pe,quantile,0.25,0.0
2025-04-12,pct wk covid lab det,1,2025-04-19,pe,quantile,0.5,0.0
2025-04-12,pct wk covid lab det,1,2025-04-19,pe,quantile,0.75,0.52
2025-04-12,pct wk covid lab det,1,2025-04-19,pe,quantile,0.9,1.29
2025-04-12,pct wk covid lab det,1,2025-04-19,pe,quantile,0.975,4.45
2025-04-12,pct wk covid lab det,2,2025-04-26,pe,quantile,0.025,0.0
2025-04-12,pct wk covid lab det,2,2025-04-26,pe,quantile,0.1,0.0
2025-04-12,pct wk covid lab det,2,2025-04-26,pe,quantile,0.25,0.0
2025-04-12,pct wk covid lab det,2,2025-04-26,pe,quantile,0.5,0.0
2025-04-12,pct wk covid lab det,2,2025-04-26,pe,quantile,0.75,0.0
2025-04-12,pct wk covid lab det,2,2025-04-26,pe,quantile,0.9,0.12
2025-04-12,pct wk covid lab det,2,2025-04-26,pe,quantile,0.975,2.99
2025-04-12,pct wk covid lab det,3,2025-05-03,pe,quantile,0.025,0.0
2025-04-12,pct wk covid lab det,3,2025-05-03,pe,quantile,0.1,0.0
2025-04-12,pct wk covid lab det,3,2025-05-03,pe,quantile,0.25,0.0
2025-04-12,pct wk covid lab det,3,2025-05-03,pe,quantile,0.5,0.0
2025-04-12,pct wk covid lab det,3,2025-05-03,pe,quantile,0.75,1.05
2025-04-12,pct wk covid lab det,3,2025-05-03,pe,quantile,0.9,1.68
2025-04-12,pct wk covid lab det,3,2025-05-03,pe,quantile,0.975,4.65
2025-04-12,pct wk rsv lab det,0,2025-04-12,prairies,quantile,0.025,0.0
2025-04-12,pct wk rsv lab det,0,2025-04-12,prairies,quantile,0.1,1.12
2025-04-12,pct wk rsv lab det,0,2025-04-12,prairies,quantile,0.25,1.41
2025-04-12,pct wk rsv lab det,0,2025-04-12,prairies,quantile,0.5,1.67
2025-04-12,pct wk rsv lab det,0,2025-04-12,prairies,quantile,0.75,1.95
2025-04-12,pct wk rsv lab det,0,2025-04-12,prairies,quantile,0.9,2.35
2025-04-12,pct wk rsv lab det,0,2025-04-12,prairies,quantile,0.975,2.8
2025-04-12,pct wk rsv lab det,1,2025-04-19,prairies,quantile,0.025,0.34
2025-04-12,pct wk rsv lab det,1,2025-04-19,prairies,quantile,0.1,1.33
2025-04-12,pct wk rsv lab det,1,2025-04-19,prairies,quantile,0.25,1.66
2025-04-12,pct wk rsv lab det,1,2025-04-19,prairies,quantile,0.5,1.89
2025-04-12,pct wk rsv lab det,1,2025-04-19,prairies,quantile,0.75,2.16
2025-04-12,pct wk rsv lab det,1,2025-04-19,prairies,quantile,0.9,2.61
2025-04-12,pct wk rsv lab det,1,2025-04-19,prairies,quantile,0.975,3.1
2025-04-12,pct wk rsv lab det,2,2025-04-26,prairies,quantile,0.025,0.0
2025-04-12,pct wk rsv lab det,2,2025-04-26,prairies,quantile,0.1,0.96
2025-04-12,pct wk rsv lab det,2,2025-04-26,prairies,quantile,0.25,1.36
2025-04-12,pct wk rsv lab det,2,2025-04-26,prairies,quantile,0.5,1.61
2025-04-12,pct wk rsv lab det,2,2025-04-26,prairies,quantile,0.75,1.93
2025-04-12,pct wk rsv lab det,2,2025-04-26,prairies,quantile,0.9,2.38
2025-04-12,pct wk rsv lab det,2,2025-04-26,prairies,quantile,0.975,3.21
2025-04-12,pct wk rsv lab det,3,2025-05-03,prairies,quantile,0.025,0.23
2025-04-12,pct wk rsv lab det,3,2025-05-03,prairies,quantile,0.1,1.35
2025-04-12,pct wk rsv lab det,3,2025-05-03,prairies,quantile,0.25,1.72
2025-04-12,pct wk rsv lab det,3,2025-05-03,prairies,quantile,0.5,2.0
2025-04-12,pct wk rsv lab det,3,2025-05-03,prairies,quantile,0.75,2.31
2025-04-12,pct wk rsv lab det,3,2025-05-03,prairies,quantile,0.9,2.77
2025-04-12,pct wk rsv lab det,3,2025-05-03,prairies,quantile,0.975,3.4
2025-04-12,pct wk flu lab det,0,2025-04-12,prairies,quantile,0.025,11.64
2025-04-12,pct wk flu lab det,0,2025-04-12,prairies,quantile,0.1,13.36
2025-04-12,pct wk flu lab det,0,2025-04-12,prairies,quantile,0.25,14.31
2025-04-12,pct wk flu lab det,0,2025-04-12,prairies,quantile,0.5,14.83
2025-04-12,pct wk flu lab det,0,2025-04-12,prairies,quantile,0.75,15.39
2025-04-12,pct wk flu lab det,0,2025-04-12,prairies,quantile,0.9,16.27
2025-04-12,pct wk flu lab det,0,2025-04-12,prairies,quantile,0.975,17.93
2025-04-12,pct wk flu lab det,1,2025-04-19,prairies,quantile,0.025,8.62
2025-04-12,pct wk flu lab det,1,2025-04-19,prairies,quantile,0.1,10.74
2025-04-12,pct wk flu lab det,1,2025-04-19,prairies,quantile,0.25,11.49
2025-04-12,pct wk flu lab det,1,2025-04-19,prairies,quantile,0.5,11.92
2025-04-12,pct wk flu lab det,1,2025-04-19,prairies,quantile,0.75,12.44
2025-04-12,pct wk flu lab det,1,2025-04-19,prairies,quantile,0.9,13.26
2025-04-12,pct wk flu lab det,1,2025-04-19,prairies,quantile,0.975,14.73
2025-04-12,pct wk flu lab det,2,2025-04-26,prairies,quantile,0.025,6.27
2025-04-12,pct wk flu lab det,2,2025-04-26,prairies,quantile,0.1,8.08
2025-04-12,pct wk flu lab det,2,2025-04-26,prairies,quantile,0.25,8.78
2025-04-12,pct wk flu lab det,2,2025-04-26,prairies,quantile,0.5,9.3
2025-04-12,pct wk flu lab det,2,2025-04-26,prairies,quantile,0.75,9.78
2025-04-12,pct wk flu lab det,2,2025-04-26,prairies,quantile,0.9,10.59
2025-04-12,pct wk flu lab det,2,2025-04-26,prairies,quantile,0.975,12.57
2025-04-12,pct wk flu lab det,3,2025-05-03,prairies,quantile,0.025,4.63
2025-04-12,pct wk flu lab det,3,2025-05-03,prairies,quantile,0.1,5.88
2025-04-12,pct wk flu lab det,3,2025-05-03,prairies,quantile,0.25,6.54
2025-04-12,pct wk flu lab det,3,2025-05-03,prairies,quantile,0.5,6.93
2025-04-12,pct wk flu lab det,3,2025-05-03,prairies,quantile,0.75,7.42
2025-04-12,pct wk flu lab det,3,2025-05-03,prairies,quantile,0.9,8.42
2025-04-12,pct wk flu lab det,3,2025-05-03,prairies,quantile,0.975,10.55
2025-04-12,pct wk covid lab det,0,2025-04-12,prairies,quantile,0.025,0.08
2025-04-12,pct wk covid lab det,0,2025-04-12,prairies,quantile,0.1,0.6
2025-04-12,pct wk covid lab det,0,2025-04-12,prairies,quantile,0.25,0.93
2025-04-12,pct wk covid lab det,0,2025-04-12,prairies,quantile,0.5,1.24
2025-04-12,pct wk covid lab det,0,2025-04-12,prairies,quantile,0.75,1.46
2025-04-12,pct wk covid lab det,0,2025-04-12,prairies,quantile,0.9,1.72
2025-04-12,pct wk covid lab det,0,2025-04-12,prairies,quantile,0.975,2.3
2025-04-12,pct wk covid lab det,1,2025-04-19,prairies,quantile,0.025,0.63
2025-04-12,pct wk covid lab det,1,2025-04-19,prairies,quantile,0.1,1.11
2025-04-12,pct wk covid lab det,1,2025-04-19,prairies,quantile,0.25,1.4
2025-04-12,pct wk covid lab det,1,2025-04-19,prairies,quantile,0.5,1.68
2025-04-12,pct wk covid lab det,1,2025-04-19,prairies,quantile,0.75,1.91
2025-04-12,pct wk covid lab det,1,2025-04-19,prairies,quantile,0.9,2.17
2025-04-12,pct wk covid lab det,1,2025-04-19,prairies,quantile,0.975,2.75
2025-04-12,pct wk covid lab det,2,2025-04-26,prairies,quantile,0.025,0.94
2025-04-12,pct wk covid lab det,2,2025-04-26,prairies,quantile,0.1,1.53
2025-04-12,pct wk covid lab det,2,2025-04-26,prairies,quantile,0.25,1.79
2025-04-12,pct wk covid lab det,2,2025-04-26,prairies,quantile,0.5,2.05
2025-04-12,pct wk covid lab det,2,2025-04-26,prairies,quantile,0.75,2.27
2025-04-12,pct wk covid lab det,2,2025-04-26,prairies,quantile,0.9,2.59
2025-04-12,pct wk covid lab det,2,2025-04-26,prairies,quantile,0.975,3.08
2025-04-12,pct wk covid lab det,3,2025-05-03,prairies,quantile,0.025,1.13
2025-04-12,pct wk covid lab det,3,2025-05-03,prairies,quantile,0.1,1.55
2025-04-12,pct wk covid lab det,3,2025-05-03,prairies,quantile,0.25,1.89
2025-04-12,pct wk covid lab det,3,2025-05-03,prairies,quantile,0.5,2.16
2025-04-12,pct wk covid lab det,3,2025-05-03,prairies,quantile,0.75,2.38
2025-04-12,pct wk covid lab det,3,2025-05-03,prairies,quantile,0.9,2.68
2025-04-12,pct wk covid lab det,3,2025-05-03,prairies,quantile,0.975,3.21
2025-04-12,pct wk rsv lab det,0,2025-04-12,qc,quantile,0.025,0.0
2025-04-12,pct wk rsv lab det,0,2025-04-12,qc,quantile,0.1,0.0
2025-04-12,pct wk rsv lab det,0,2025-04-12,qc,quantile,0.25,0.57
2025-04-12,pct wk rsv lab det,0,2025-04-12,qc,quantile,0.5,1.05
2025-04-12,pct wk rsv lab det,0,2025-04-12,qc,quantile,0.75,1.51
2025-04-12,pct wk rsv lab det,0,2025-04-12,qc,quantile,0.9,2.34
2025-04-12,pct wk rsv lab det,0,2025-04-12,qc,quantile,0.975,3.25
2025-04-12,pct wk rsv lab det,1,2025-04-19,qc,quantile,0.025,0.0
2025-04-12,pct wk rsv lab det,1,2025-04-19,qc,quantile,0.1,0.0
2025-04-12,pct wk rsv lab det,1,2025-04-19,qc,quantile,0.25,0.39
2025-04-12,pct wk rsv lab det,1,2025-04-19,qc,quantile,0.5,0.97
2025-04-12,pct wk rsv lab det,1,2025-04-19,qc,quantile,0.75,1.51
2025-04-12,pct wk rsv lab det,1,2025-04-19,qc,quantile,0.9,2.41
2025-04-12,pct wk rsv lab det,1,2025-04-19,qc,quantile,0.975,3.73
2025-04-12,pct wk rsv lab det,2,2025-04-26,qc,quantile,0.025,0.0
2025-04-12,pct wk rsv lab det,2,2025-04-26,qc,quantile,0.1,0.0
2025-04-12,pct wk rsv lab det,2,2025-04-26,qc,quantile,0.25,0.0
2025-04-12,pct wk rsv lab det,2,2025-04-26,qc,quantile,0.5,0.02
2025-04-12,pct wk rsv lab det,2,2025-04-26,qc,quantile,0.75,0.62
2025-04-12,pct wk rsv lab det,2,2025-04-26,qc,quantile,0.9,1.58
2025-04-12,pct wk rsv lab det,2,2025-04-26,qc,quantile,0.975,2.92
2025-04-12,pct wk rsv lab det,3,2025-05-03,qc,quantile,0.025,0.0
2025-04-12,pct wk rsv lab det,3,2025-05-03,qc,quantile,0.1,0.0
2025-04-12,pct wk rsv lab det,3,2025-05-03,qc,quantile,0.25,0.0
2025-04-12,pct wk rsv lab det,3,2025-05-03,qc,quantile,0.5,0.0
2025-04-12,pct wk rsv lab det,3,2025-05-03,qc,quantile,0.75,0.13
2025-04-12,pct wk rsv lab det,3,2025-05-03,qc,quantile,0.9,0.81
2025-04-12,pct wk rsv lab det,3,2025-05-03,qc,quantile,0.975,1.84
2025-04-12,pct wk flu lab det,0,2025-04-12,qc,quantile,0.025,9.75
2025-04-12,pct wk flu lab det,0,2025-04-12,qc,quantile,0.1,11.16
2025-04-12,pct wk flu lab det,0,2025-04-12,qc,quantile,0.25,12.28
2025-04-12,pct wk flu lab det,0,2025-04-12,qc,quantile,0.5,12.69
2025-04-12,pct wk flu lab det,0,2025-04-12,qc,quantile,0.75,13.35
2025-04-12,pct wk flu lab det,0,2025-04-12,qc,quantile,0.9,14.23
2025-04-12,pct wk flu lab det,0,2025-04-12,qc,quantile,0.975,15.57
2025-04-12,pct wk flu lab det,1,2025-04-19,qc,quantile,0.025,8.58
2025-04-12,pct wk flu lab det,1,2025-04-19,qc,quantile,0.1,9.77
2025-04-12,pct wk flu lab det,1,2025-04-19,qc,quantile,0.25,10.54
2025-04-12,pct wk flu lab det,1,2025-04-19,qc,quantile,0.5,10.98
2025-04-12,pct wk flu lab det,1,2025-04-19,qc,quantile,0.75,11.62
2025-04-12,pct wk flu lab det,1,2025-04-19,qc,quantile,0.9,12.56
2025-04-12,pct wk flu lab det,1,2025-04-19,qc,quantile,0.975,13.67
2025-04-12,pct wk flu lab det,2,2025-04-26,qc,quantile,0.025,4.84
2025-04-12,pct wk flu lab det,2,2025-04-26,qc,quantile,0.1,6.67
2025-04-12,pct wk flu lab det,2,2025-04-26,qc,quantile,0.25,7.61
2025-04-12,pct wk flu lab det,2,2025-04-26,qc,quantile,0.5,8.07
2025-04-12,pct wk flu lab det,2,2025-04-26,qc,quantile,0.75,8.74
2025-04-12,pct wk flu lab det,2,2025-04-26,qc,quantile,0.9,9.77
2025-04-12,pct wk flu lab det,2,2025-04-26,qc,quantile,0.975,10.81
2025-04-12,pct wk flu lab det,3,2025-05-03,qc,quantile,0.025,1.63
2025-04-12,pct wk flu lab det,3,2025-05-03,qc,quantile,0.1,3.43
2025-04-12,pct wk flu lab det,3,2025-05-03,qc,quantile,0.25,4.18
2025-04-12,pct wk flu lab det,3,2025-05-03,qc,quantile,0.5,4.62
2025-04-12,pct wk flu lab det,3,2025-05-03,qc,quantile,0.75,5.17
2025-04-12,pct wk flu lab det,3,2025-05-03,qc,quantile,0.9,5.89
2025-04-12,pct wk flu lab det,3,2025-05-03,qc,quantile,0.975,7.71
2025-04-12,pct wk covid lab det,0,2025-04-12,qc,quantile,0.025,0.0
2025-04-12,pct wk covid lab det,0,2025-04-12,qc,quantile,0.1,1.05
2025-04-12,pct wk covid lab det,0,2025-04-12,qc,quantile,0.25,1.73
2025-04-12,pct wk covid lab det,0,2025-04-12,qc,quantile,0.5,1.98
2025-04-12,pct wk covid lab det,0,2025-04-12,qc,quantile,0.75,2.26
2025-04-12,pct wk covid lab det,0,2025-04-12,qc,quantile,0.9,2.78
2025-04-12,pct wk covid lab det,0,2025-04-12,qc,quantile,0.975,3.54
2025-04-12,pct wk covid lab det,1,2025-04-19,qc,quantile,0.025,0.0
2025-04-12,pct wk covid lab det,1,2025-04-19,qc,quantile,0.1,1.01
2025-04-12,pct wk covid lab det,1,2025-04-19,qc,quantile,0.25,1.69
2025-04-12,pct wk covid lab det,1,2025-04-19,qc,quantile,0.5,1.98
2025-04-12,pct wk covid lab det,1,2025-04-19,qc,quantile,0.75,2.27
2025-04-12,pct wk covid lab det,1,2025-04-19,qc,quantile,0.9,2.72
2025-04-12,pct wk covid lab det,1,2025-04-19,qc,quantile,0.975,3.67
2025-04-12,pct wk covid lab det,2,2025-04-26,qc,quantile,0.025,0.0
2025-04-12,pct wk covid lab det,2,2025-04-26,qc,quantile,0.1,1.05
2025-04-12,pct wk covid lab det,2,2025-04-26,qc,quantile,0.25,1.7
2025-04-12,pct wk covid lab det,2,2025-04-26,qc,quantile,0.5,1.95
2025-04-12,pct wk covid lab det,2,2025-04-26,qc,quantile,0.75,2.26
2025-04-12,pct wk covid lab det,2,2025-04-26,qc,quantile,0.9,2.7
2025-04-12,pct wk covid lab det,2,2025-04-26,qc,quantile,0.975,3.25
2025-04-12,pct wk covid lab det,3,2025-05-03,qc,quantile,0.025,0.0
2025-04-12,pct wk covid lab det,3,2025-05-03,qc,quantile,0.1,0.5
2025-04-12,pct wk covid lab det,3,2025-05-03,qc,quantile,0.25,1.43
2025-04-12,pct wk covid lab det,3,2025-05-03,qc,quantile,0.5,1.67
2025-04-12,pct wk covid lab det,3,2025-05-03,qc,quantile,0.75,1.99
2025-04-12,pct wk covid lab det,3,2025-05-03,qc,quantile,0.9,2.48
2025-04-12,pct wk covid lab det,3,2025-05-03,qc,quantile,0.975,3.16
2025-04-12,pct wk rsv lab det,0,2025-04-12,sk,quantile,0.025,0.0
2025-04-12,pct wk rsv lab det,0,2025-04-12,sk,quantile,0.1,0.08
2025-04-12,pct wk rsv lab det,0,2025-04-12,sk,quantile,0.25,1.09
2025-04-12,pct wk rsv lab det,0,2025-04-12,sk,quantile,0.5,1.76
2025-04-12,pct wk rsv lab det,0,2025-04-12,sk,quantile,0.75,2.33
2025-04-12,pct wk rsv lab det,0,2025-04-12,sk,quantile,0.9,2.86
2025-04-12,pct wk rsv lab det,0,2025-04-12,sk,quantile,0.975,5.39
2025-04-12,pct wk rsv lab det,1,2025-04-19,sk,quantile,0.025,0.0
2025-04-12,pct wk rsv lab det,1,2025-04-19,sk,quantile,0.1,1.06
2025-04-12,pct wk rsv lab det,1,2025-04-19,sk,quantile,0.25,2.32
2025-04-12,pct wk rsv lab det,1,2025-04-19,sk,quantile,0.5,2.99
2025-04-12,pct wk rsv lab det,1,2025-04-19,sk,quantile,0.75,3.59
2025-04-12,pct wk rsv lab det,1,2025-04-19,sk,quantile,0.9,4.26
2025-04-12,pct wk rsv lab det,1,2025-04-19,sk,quantile,0.975,7.05
2025-04-12,pct wk rsv lab det,2,2025-04-26,sk,quantile,0.025,0.0
2025-04-12,pct wk rsv lab det,2,2025-04-26,sk,quantile,0.1,0.26
2025-04-12,pct wk rsv lab det,2,2025-04-26,sk,quantile,0.25,1.44
2025-04-12,pct wk rsv lab det,2,2025-04-26,sk,quantile,0.5,1.92
2025-04-12,pct wk rsv lab det,2,2025-04-26,sk,quantile,0.75,2.53
2025-04-12,pct wk rsv lab det,2,2025-04-26,sk,quantile,0.9,3.0
2025-04-12,pct wk rsv lab det,2,2025-04-26,sk,quantile,0.975,5.23
2025-04-12,pct wk rsv lab det,3,2025-05-03,sk,quantile,0.025,0.0
2025-04-12,pct wk rsv lab det,3,2025-05-03,sk,quantile,0.1,0.17
2025-04-12,pct wk rsv lab det,3,2025-05-03,sk,quantile,0.25,1.53
2025-04-12,pct wk rsv lab det,3,2025-05-03,sk,quantile,0.5,2.0
2025-04-12,pct wk rsv lab det,3,2025-05-03,sk,quantile,0.75,2.54
2025-04-12,pct wk rsv lab det,3,2025-05-03,sk,quantile,0.9,3.15
2025-04-12,pct wk rsv lab det,3,2025-05-03,sk,quantile,0.975,6.11
2025-04-12,pct wk flu lab det,0,2025-04-12,sk,quantile,0.025,15.74
2025-04-12,pct wk flu lab det,0,2025-04-12,sk,quantile,0.1,19.54
2025-04-12,pct wk flu lab det,0,2025-04-12,sk,quantile,0.25,20.9
2025-04-12,pct wk flu lab det,0,2025-04-12,sk,quantile,0.5,21.51
2025-04-12,pct wk flu lab det,0,2025-04-12,sk,quantile,0.75,22.27
2025-04-12,pct wk flu lab det,0,2025-04-12,sk,quantile,0.9,23.87
2025-04-12,pct wk flu lab det,0,2025-04-12,sk,quantile,0.975,27.74
2025-04-12,pct wk flu lab det,1,2025-04-19,sk,quantile,0.025,17.22
2025-04-12,pct wk flu lab det,1,2025-04-19,sk,quantile,0.1,19.34
2025-04-12,pct wk flu lab det,1,2025-04-19,sk,quantile,0.25,21.53
2025-04-12,pct wk flu lab det,1,2025-04-19,sk,quantile,0.5,22.24
2025-04-12,pct wk flu lab det,1,2025-04-19,sk,quantile,0.75,23.04
2025-04-12,pct wk flu lab det,1,2025-04-19,sk,quantile,0.9,24.27
2025-04-12,pct wk flu lab det,1,2025-04-19,sk,quantile,0.975,28.4
2025-04-12,pct wk flu lab det,2,2025-04-26,sk,quantile,0.025,15.7
2025-04-12,pct wk flu lab det,2,2025-04-26,sk,quantile,0.1,18.73
2025-04-12,pct wk flu lab det,2,2025-04-26,sk,quantile,0.25,20.77
2025-04-12,pct wk flu lab det,2,2025-04-26,sk,quantile,0.5,21.49
2025-04-12,pct wk flu lab det,2,2025-04-26,sk,quantile,0.75,22.38
2025-04-12,pct wk flu lab det,2,2025-04-26,sk,quantile,0.9,24.13
2025-04-12,pct wk flu lab det,2,2025-04-26,sk,quantile,0.975,28.04
2025-04-12,pct wk flu lab det,3,2025-05-03,sk,quantile,0.025,16.05
2025-04-12,pct wk flu lab det,3,2025-05-03,sk,quantile,0.1,17.66
2025-04-12,pct wk flu lab det,3,2025-05-03,sk,quantile,0.25,20.32
2025-04-12,pct wk flu lab det,3,2025-05-03,sk,quantile,0.5,21.29
2025-04-12,pct wk flu lab det,3,2025-05-03,sk,quantile,0.75,22.02
2025-04-12,pct wk flu lab det,3,2025-05-03,sk,quantile,0.9,23.38
2025-04-12,pct wk flu lab det,3,2025-05-03,sk,quantile,0.975,27.17
2025-04-12,pct wk covid lab det,0,2025-04-12,sk,quantile,0.025,0.0
2025-04-12,pct wk covid lab det,0,2025-04-12,sk,quantile,0.1,0.0
2025-04-12,pct wk covid lab det,0,2025-04-12,sk,quantile,0.25,0.0
2025-04-12,pct wk covid lab det,0,2025-04-12,sk,quantile,0.5,0.0
2025-04-12,pct wk covid lab det,0,2025-04-12,sk,quantile,0.75,0.05
2025-04-12,pct wk covid lab det,0,2025-04-12,sk,quantile,0.9,0.44
2025-04-12,pct wk covid lab det,0,2025-04-12,sk,quantile,0.975,1.28
2025-04-12,pct wk covid lab det,1,2025-04-19,sk,quantile,0.025,0.0
2025-04-12,pct wk covid lab det,1,2025-04-19,sk,quantile,0.1,0.0
2025-04-12,pct wk covid lab det,1,2025-04-19,sk,quantile,0.25,0.0
2025-04-12,pct wk covid lab det,1,2025-04-19,sk,quantile,0.5,0.0
2025-04-12,pct wk covid lab det,1,2025-04-19,sk,quantile,0.75,0.0
2025-04-12,pct wk covid lab det,1,2025-04-19,sk,quantile,0.9,0.0
2025-04-12,pct wk covid lab det,1,2025-04-19,sk,quantile,0.975,0.9
2025-04-12,pct wk covid lab det,2,2025-04-26,sk,quantile,0.025,0.0
2025-04-12,pct wk covid lab det,2,2025-04-26,sk,quantile,0.1,0.0
2025-04-12,pct wk covid lab det,2,2025-04-26,sk,quantile,0.25,0.0
2025-04-12,pct wk covid lab det,2,2025-04-26,sk,quantile,0.5,0.08
2025-04-12,pct wk covid lab det,2,2025-04-26,sk,quantile,0.75,0.39
2025-04-12,pct wk covid lab det,2,2025-04-26,sk,quantile,0.9,0.89
2025-04-12,pct wk covid lab det,2,2025-04-26,sk,quantile,0.975,1.67
2025-04-12,pct wk covid lab det,3,2025-05-03,sk,quantile,0.025,0.0
2025-04-12,pct wk covid lab det,3,2025-05-03,sk,quantile,0.1,0.0
2025-04-12,pct wk covid lab det,3,2025-05-03,sk,quantile,0.25,0.0
2025-04-12,pct wk covid lab det,3,2025-05-03,sk,quantile,0.5,0.0
2025-04-12,pct wk covid lab det,3,2025-05-03,sk,quantile,0.75,0.0
2025-04-12,pct wk covid lab det,3,2025-05-03,sk,quantile,0.9,0.42
2025-04-12,pct wk covid lab det,3,2025-05-03,sk,quantile,0.975,1.26
2025-04-12,pct wk rsv lab det,0,2025-04-12,territories,quantile,0.025,5.9
2025-04-12,pct wk rsv lab det,0,2025-04-12,territories,quantile,0.1,8.72
2025-04-12,pct wk rsv lab det,0,2025-04-12,territories,quantile,0.25,10.33
2025-04-12,pct wk rsv lab det,0,2025-04-12,territories,quantile,0.5,11.43
2025-04-12,pct wk rsv lab det,0,2025-04-12,territories,quantile,0.75,12.66
2025-04-12,pct wk rsv lab det,0,2025-04-12,territories,quantile,0.9,13.7
2025-04-12,pct wk rsv lab det,0,2025-04-12,territories,quantile,0.975,17.15
2025-04-12,pct wk rsv lab det,1,2025-04-19,territories,quantile,0.025,6.49
2025-04-12,pct wk rsv lab det,1,2025-04-19,territories,quantile,0.1,9.28
2025-04-12,pct wk rsv lab det,1,2025-04-19,territories,quantile,0.25,11.32
2025-04-12,pct wk rsv lab det,1,2025-04-19,territories,quantile,0.5,12.58
2025-04-12,pct wk rsv lab det,1,2025-04-19,territories,quantile,0.75,13.77
2025-04-12,pct wk rsv lab det,1,2025-04-19,territories,quantile,0.9,15.03
2025-04-12,pct wk rsv lab det,1,2025-04-19,territories,quantile,0.975,17.89
2025-04-12,pct wk rsv lab det,2,2025-04-26,territories,quantile,0.025,3.63
2025-04-12,pct wk rsv lab det,2,2025-04-26,territories,quantile,0.1,7.67
2025-04-12,pct wk rsv lab det,2,2025-04-26,territories,quantile,0.25,9.53
2025-04-12,pct wk rsv lab det,2,2025-04-26,territories,quantile,0.5,10.81
2025-04-12,pct wk rsv lab det,2,2025-04-26,territories,quantile,0.75,12.29
2025-04-12,pct wk rsv lab det,2,2025-04-26,territories,quantile,0.9,14.33
2025-04-12,pct wk rsv lab det,2,2025-04-26,territories,quantile,0.975,17.6
2025-04-12,pct wk rsv lab det,3,2025-05-03,territories,quantile,0.025,7.38
2025-04-12,pct wk rsv lab det,3,2025-05-03,territories,quantile,0.1,9.7
2025-04-12,pct wk rsv lab det,3,2025-05-03,territories,quantile,0.25,11.08
2025-04-12,pct wk rsv lab det,3,2025-05-03,territories,quantile,0.5,12.1
2025-04-12,pct wk rsv lab det,3,2025-05-03,territories,quantile,0.75,13.48
2025-04-12,pct wk rsv lab det,3,2025-05-03,territories,quantile,0.9,15.29
2025-04-12,pct wk rsv lab det,3,2025-05-03,territories,quantile,0.975,18.16
2025-04-12,pct wk flu lab det,0,2025-04-12,territories,quantile,0.025,0.0
2025-04-12,pct wk flu lab det,0,2025-04-12,territories,quantile,0.1,1.22
2025-04-12,pct wk flu lab det,0,2025-04-12,territories,quantile,0.25,5.52
2025-04-12,pct wk flu lab det,0,2025-04-12,territories,quantile,0.5,7.51
2025-04-12,pct wk flu lab det,0,2025-04-12,territories,quantile,0.75,9.53
2025-04-12,pct wk flu lab det,0,2025-04-12,territories,quantile,0.9,12.38
2025-04-12,pct wk flu lab det,0,2025-04-12,territories,quantile,0.975,18.58
2025-04-12,pct wk flu lab det,1,2025-04-19,territories,quantile,0.025,0.0
2025-04-12,pct wk flu lab det,1,2025-04-19,territories,quantile,0.1,2.11
2025-04-12,pct wk flu lab det,1,2025-04-19,territories,quantile,0.25,6.05
2025-04-12,pct wk flu lab det,1,2025-04-19,territories,quantile,0.5,8.03
2025-04-12,pct wk flu lab det,1,2025-04-19,territories,quantile,0.75,10.02
2025-04-12,pct wk flu lab det,1,2025-04-19,territories,quantile,0.9,12.36
2025-04-12,pct wk flu lab det,1,2025-04-19,territories,quantile,0.975,17.77
2025-04-12,pct wk flu lab det,2,2025-04-26,territories,quantile,0.025,0.0
2025-04-12,pct wk flu lab det,2,2025-04-26,territories,quantile,0.1,6.48
2025-04-12,pct wk flu lab det,2,2025-04-26,territories,quantile,0.25,8.32
2025-04-12,pct wk flu lab det,2,2025-04-26,territories,quantile,0.5,10.09
2025-04-12,pct wk flu lab det,2,2025-04-26,territories,quantile,0.75,12.2
2025-04-12,pct wk flu lab det,2,2025-04-26,territories,quantile,0.9,14.51
2025-04-12,pct wk flu lab det,2,2025-04-26,territories,quantile,0.975,21.24
2025-04-12,pct wk flu lab det,3,2025-05-03,territories,quantile,0.025,1.35
2025-04-12,pct wk flu lab det,3,2025-05-03,territories,quantile,0.1,7.66
2025-04-12,pct wk flu lab det,3,2025-05-03,territories,quantile,0.25,10.79
2025-04-12,pct wk flu lab det,3,2025-05-03,territories,quantile,0.5,12.56
2025-04-12,pct wk flu lab det,3,2025-05-03,territories,quantile,0.75,14.64
2025-04-12,pct wk flu lab det,3,2025-05-03,territories,quantile,0.9,17.03
2025-04-12,pct wk flu lab det,3,2025-05-03,territories,quantile,0.975,24.12
2025-04-12,pct wk covid lab det,0,2025-04-12,territories,quantile,0.025,0.0
2025-04-12,pct wk covid lab det,0,2025-04-12,territories,quantile,0.1,0.0
2025-04-12,pct wk covid lab det,0,2025-04-12,territories,quantile,0.25,0.0
2025-04-12,pct wk covid lab det,0,2025-04-12,territories,quantile,0.5,0.06
2025-04-12,pct wk covid lab det,0,2025-04-12,territories,quantile,0.75,0.74
2025-04-12,pct wk covid lab det,0,2025-04-12,territories,quantile,0.9,1.74
2025-04-12,pct wk covid lab det,0,2025-04-12,territories,quantile,0.975,4.59
2025-04-12,pct wk covid lab det,1,2025-04-19,territories,quantile,0.025,0.0
2025-04-12,pct wk covid lab det,1,2025-04-19,territories,quantile,0.1,0.0
2025-04-12,pct wk covid lab det,1,2025-04-19,territories,quantile,0.25,0.0
2025-04-12,pct wk covid lab det,1,2025-04-19,territories,quantile,0.5,0.33
2025-04-12,pct wk covid lab det,1,2025-04-19,territories,quantile,0.75,0.96
2025-04-12,pct wk covid lab det,1,2025-04-19,territories,quantile,0.9,1.54
2025-04-12,pct wk covid lab det,1,2025-04-19,territories,quantile,0.975,3.35
2025-04-12,pct wk covid lab det,2,2025-04-26,territories,quantile,0.025,0.0
2025-04-12,pct wk covid lab det,2,2025-04-26,territories,quantile,0.1,0.0
2025-04-12,pct wk covid lab det,2,2025-04-26,territories,quantile,0.25,0.23
2025-04-12,pct wk covid lab det,2,2025-04-26,territories,quantile,0.5,1.34
2025-04-12,pct wk covid lab det,2,2025-04-26,territories,quantile,0.75,2.06
2025-04-12,pct wk covid lab det,2,2025-04-26,territories,quantile,0.9,3.03
2025-04-12,pct wk covid lab det,2,2025-04-26,territories,quantile,0.975,5.42
2025-04-12,pct wk covid lab det,3,2025-05-03,territories,quantile,0.025,0.0
2025-04-12,pct wk covid lab det,3,2025-05-03,territories,quantile,0.1,0.64
2025-04-12,pct wk covid lab det,3,2025-05-03,territories,quantile,0.25,1.19
2025-04-12,pct wk covid lab det,3,2025-05-03,territories,quantile,0.5,2.27
2025-04-12,pct wk covid lab det,3,2025-05-03,territories,quantile,0.75,3.11
2025-04-12,pct wk covid lab det,3,2025-05-03,territories,quantile,0.9,4.01
2025-04-12,pct wk covid lab det,3,2025-05-03,territories,quantile,0.975,6.91
2025-04-12,pct wk rsv lab det,0,2025-04-12,yk,quantile,0.025,0.0
2025-04-12,pct wk rsv lab det,0,2025-04-12,yk,quantile,0.1,3.12
2025-04-12,pct wk rsv lab det,0,2025-04-12,yk,quantile,0.25,7.48
2025-04-12,pct wk rsv lab det,0,2025-04-12,yk,quantile,0.5,8.72
2025-04-12,pct wk rsv lab det,0,2025-04-12,yk,quantile,0.75,9.97
2025-04-12,pct wk rsv lab det,0,2025-04-12,yk,quantile,0.9,12.13
2025-04-12,pct wk rsv lab det,0,2025-04-12,yk,quantile,0.975,19.53
2025-04-12,pct wk rsv lab det,1,2025-04-19,yk,quantile,0.025,-0.0
2025-04-12,pct wk rsv lab det,1,2025-04-19,yk,quantile,0.1,6.56
2025-04-12,pct wk rsv lab det,1,2025-04-19,yk,quantile,0.25,8.96
2025-04-12,pct wk rsv lab det,1,2025-04-19,yk,quantile,0.5,10.3
2025-04-12,pct wk rsv lab det,1,2025-04-19,yk,quantile,0.75,11.23
2025-04-12,pct wk rsv lab det,1,2025-04-19,yk,quantile,0.9,13.44
2025-04-12,pct wk rsv lab det,1,2025-04-19,yk,quantile,0.975,21.32
2025-04-12,pct wk rsv lab det,2,2025-04-26,yk,quantile,0.025,0.0
2025-04-12,pct wk rsv lab det,2,2025-04-26,yk,quantile,0.1,3.94
2025-04-12,pct wk rsv lab det,2,2025-04-26,yk,quantile,0.25,6.97
2025-04-12,pct wk rsv lab det,2,2025-04-26,yk,quantile,0.5,8.71
2025-04-12,pct wk rsv lab det,2,2025-04-26,yk,quantile,0.75,9.9
2025-04-12,pct wk rsv lab det,2,2025-04-26,yk,quantile,0.9,11.8
2025-04-12,pct wk rsv lab det,2,2025-04-26,yk,quantile,0.975,20.02
2025-04-12,pct wk rsv lab det,3,2025-05-03,yk,quantile,0.025,0.18
2025-04-12,pct wk rsv lab det,3,2025-05-03,yk,quantile,0.1,4.95
2025-04-12,pct wk rsv lab det,3,2025-05-03,yk,quantile,0.25,8.2
2025-04-12,pct wk rsv lab det,3,2025-05-03,yk,quantile,0.5,9.81
2025-04-12,pct wk rsv lab det,3,2025-05-03,yk,quantile,0.75,10.61
2025-04-12,pct wk rsv lab det,3,2025-05-03,yk,quantile,0.9,12.62
2025-04-12,pct wk rsv lab det,3,2025-05-03,yk,quantile,0.975,20.84
2025-04-12,pct wk flu lab det,0,2025-04-12,yk,quantile,0.025,0.0
2025-04-12,pct wk flu lab det,0,2025-04-12,yk,quantile,0.1,0.0
2025-04-12,pct wk flu lab det,0,2025-04-12,yk,quantile,0.25,0.0
2025-04-12,pct wk flu lab det,0,2025-04-12,yk,quantile,0.5,1.95
2025-04-12,pct wk flu lab det,0,2025-04-12,yk,quantile,0.75,3.73
2025-04-12,pct wk flu lab det,0,2025-04-12,yk,quantile,0.9,7.39
2025-04-12,pct wk flu lab det,0,2025-04-12,yk,quantile,0.975,16.01
2025-04-12,pct wk flu lab det,1,2025-04-19,yk,quantile,0.025,0.0
2025-04-12,pct wk flu lab det,1,2025-04-19,yk,quantile,0.1,0.0
2025-04-12,pct wk flu lab det,1,2025-04-19,yk,quantile,0.25,1.08
2025-04-12,pct wk flu lab det,1,2025-04-19,yk,quantile,0.5,3.35
2025-04-12,pct wk flu lab det,1,2025-04-19,yk,quantile,0.75,5.0
2025-04-12,pct wk flu lab det,1,2025-04-19,yk,quantile,0.9,8.68
2025-04-12,pct wk flu lab det,1,2025-04-19,yk,quantile,0.975,20.42
2025-04-12,pct wk flu lab det,2,2025-04-26,yk,quantile,0.025,0.0
2025-04-12,pct wk flu lab det,2,2025-04-26,yk,quantile,0.1,0.0
2025-04-12,pct wk flu lab det,2,2025-04-26,yk,quantile,0.25,0.17
2025-04-12,pct wk flu lab det,2,2025-04-26,yk,quantile,0.5,2.33
2025-04-12,pct wk flu lab det,2,2025-04-26,yk,quantile,0.75,4.18
2025-04-12,pct wk flu lab det,2,2025-04-26,yk,quantile,0.9,7.97
2025-04-12,pct wk flu lab det,2,2025-04-26,yk,quantile,0.975,21.61
2025-04-12,pct wk flu lab det,3,2025-05-03,yk,quantile,0.025,0.0
2025-04-12,pct wk flu lab det,3,2025-05-03,yk,quantile,0.1,0.0
2025-04-12,pct wk flu lab det,3,2025-05-03,yk,quantile,0.25,0.13
2025-04-12,pct wk flu lab det,3,2025-05-03,yk,quantile,0.5,2.36
2025-04-12,pct wk flu lab det,3,2025-05-03,yk,quantile,0.75,4.41
2025-04-12,pct wk flu lab det,3,2025-05-03,yk,quantile,0.9,7.39
2025-04-12,pct wk flu lab det,3,2025-05-03,yk,quantile,0.975,13.69
2025-04-12,pct wk covid lab det,0,2025-04-12,yk,quantile,0.025,0.0
2025-04-12,pct wk covid lab det,0,2025-04-12,yk,quantile,0.1,0.0
2025-04-12,pct wk covid lab det,0,2025-04-12,yk,quantile,0.25,0.0
2025-04-12,pct wk covid lab det,0,2025-04-12,yk,quantile,0.5,0.1
2025-04-12,pct wk covid lab det,0,2025-04-12,yk,quantile,0.75,1.4
2025-04-12,pct wk covid lab det,0,2025-04-12,yk,quantile,0.9,2.51
2025-04-12,pct wk covid lab det,0,2025-04-12,yk,quantile,0.975,10.17
2025-04-12,pct wk covid lab det,1,2025-04-19,yk,quantile,0.025,0.0
2025-04-12,pct wk covid lab det,1,2025-04-19,yk,quantile,0.1,0.0
2025-04-12,pct wk covid lab det,1,2025-04-19,yk,quantile,0.25,0.55
2025-04-12,pct wk covid lab det,1,2025-04-19,yk,quantile,0.5,2.1
2025-04-12,pct wk covid lab det,1,2025-04-19,yk,quantile,0.75,3.47
2025-04-12,pct wk covid lab det,1,2025-04-19,yk,quantile,0.9,4.55
2025-04-12,pct wk covid lab det,1,2025-04-19,yk,quantile,0.975,10.18
2025-04-12,pct wk covid lab det,2,2025-04-26,yk,quantile,0.025,0.0
2025-04-12,pct wk covid lab det,2,2025-04-26,yk,quantile,0.1,0.0
2025-04-12,pct wk covid lab det,2,2025-04-26,yk,quantile,0.25,0.0
2025-04-12,pct wk covid lab det,2,2025-04-26,yk,quantile,0.5,0.71
2025-04-12,pct wk covid lab det,2,2025-04-26,yk,quantile,0.75,2.15
2025-04-12,pct wk covid lab det,2,2025-04-26,yk,quantile,0.9,2.9
2025-04-12,pct wk covid lab det,2,2025-04-26,yk,quantile,0.975,6.31
2025-04-12,pct wk covid lab det,3,2025-05-03,yk,quantile,0.025,0.0
2025-04-12,pct wk covid lab det,3,2025-05-03,yk,quantile,0.1,0.0
2025-04-12,pct wk covid lab det,3,2025-05-03,yk,quantile,0.25,0.0
2025-04-12,pct wk covid lab det,3,2025-05-03,yk,quantile,0.5,1.52
2025-04-12,pct wk covid lab det,3,2025-05-03,yk,quantile,0.75,3.13
2025-04-12,pct wk covid lab det,3,2025-05-03,yk,quantile,0.9,3.9
2025-04-12,pct wk covid lab det,3,2025-05-03,yk,quantile,0.975,9.25
